씬ID(sceneId),대사순서(order),강조캐릭터(activeCharacters),말하는캐릭터(speaker),대사텍스트(text),명령어(command)
scene1,1,,narrator,"1831년 12월 11일, 파리. ",
scene1,2,,narrator,"하루에도 900명의 생을 앗아갔다는 끔찍한 질병, 콜레라가 잦아든 지도 세 달이 지났다.",
scene1,3,,narrator,"가십에 굶주린 맹수와도 같은 대도시, 파리의 거주민들은 새로운 자극을 찾아 고개를 치켜들고 있었다.",
scene1,4,,narrator,"3월부터 9월까지, 가장 화려해야 했을 사교 시즌을 박탈당한 사람들은 금방이라도 넘쳐흐를 듯한 가마솥처럼 들끓고 있었다.",
scene1,5,,narrator,"새로이 시작되는 1832년의 사교시즌은 그들의 목을 축여줄 단비와도 같은, 먹음직스러운 식사였다.",
scene1,6,,narrator,당신 또한 마찬가지였다.,
scene1,7,,narrator,만개해 절정에 이르른 꽃과도 같이 화려하게 피어난 당신은 얼굴을 내비칠 자리를 찾고 있었다.,
scene1,8,,narrator,"작지도 크지도 않았던 지베르니에서 벗어나, 인구 80만의 대도시로 향할 기회는 오래지 않아 주어졌다.",
scene1,9,,narrator,그간 억눌린 것을 분출하듯 이곳저곳에서 무도회가 열렸다.,
scene1,10,,narrator,그 중 당신이 참석하기로 한 무도회는 '폴란드 망명객들을 위한 자선 무도회' 였다.,
scene1,11,,narrator,물론 백 퍼센트 당신의 의사는 아니었다.,
scene1,12,,narrator,당신의 샤프롱인 시마노프스카 부인 또한 폴란드 출신이신지라 이런 행사를 넘길 수 없던 탓이었다.,
scene1_choice1,1,szymanowska,szymanowska,"에투아르, 다 챙겼니?",
scene1_choice2,1,szymanowska,szymanowska,"얘는 뭐가 그렇게 오래 걸리니? 뭐 때문에 고민하고 있는 거야? 자, 여기 두 개 중에서 빨리 골라라.",
scene2,1,szymanowska,szymanowska,준비 다 됐지? 얼른 가자꾸나.,
scene2,2,,narrator,"당신과 시마노프스카 부인은 마차에 오르고, 마차는 호텔 랑베르를 향해 느리게 굴러간다.",
scene2,3,szymanowska,szymanowska,"그러고 보니 에투아르는 음악에 관심이 많다고 했지? 오늘 음악 하는 친구들이 많이 오기로 했는데, 관심 가는 사람이 있으면 이모한테 바로 얘기해. 이모가 잘 소개시켜 줄게.",
scene2,4,szymanowska,szymanowska,"누가 온다 그랬더라, 요즘 한창 뜬다는 피아니스트 친구랑 그 젊은 작곡가 친구도 온댔던가.",
scene2,5,,narrator,당신은 시마노프스카의 말을 흘려들으며 창 밖을 바라본다.,
scene2,6,,narrator,튈르리 궁전 앞으로 새로 설치된 가스등이 환하게 도시를 밝히고 있었다.,
scene2,7,,narrator,오래지 않아 호텔 랑베르 앞에 마차가 멈춰섰다. 풋맨이 문을 열어주었고 당신과 시마노프스카는 차례로 마차에서 내린다.,
scene2,8,,narrator,무도회장에는 이미 몇백 명 정도는 되어 보이는 사람들이 들어차 있었다.,
scene2,9,,narrator,시마노프스카는 이미 이 정도 인파는 익숙한지 별다른 반응을 보이지 않았다.,
scene2_choice,1,,narrator,당신은…,
scene3,1,,narrator,시마노프스카는 당신을 데리고 다니며 수많은 사람들에게 당신을 소개시켜 주었다.,
scene3,2,,narrator,"이름을 다 외울 수도 없이 많은 귀족들과 장교들, 화가와 조각가들의 이름이 귀를 스쳤다.",
scene3,3,,narrator,정식으로 춤이 시작하기 전의 왁자지껄한 분위기 속 사람들이 샴페인과 와인을 주고받았다.,
scene3,4,,narrator,콜레라로 인해 오랫동안 사교생활을 하지 않다가 갑자기 많은 사람을 만나서 그런지 조금 벅찼다.,
scene3_choice,1,,narrator,당신은…,
scene4_a,1,,narrator,당신이 샴페인을 향해서 손을 뻗는 순간 길고 가느다란 손가락이 한 발 빠르게 샴페인 잔을 가져간다.,
scene4_a,2,liszt,???,"아리따운 아가씨, 긴장을 술에 녹여보려는 건 알겠지만 페이스가 너무 빠르군요.",
scene4_a,3,,narrator,손의 주인을 확인하기 위해 고개를 든 당신은 금빛 빛줄기처럼 드리우는 긴 머리카락에 숨을 짧게 들이마신다.,
scene4_a,4,,narrator,눈이 부실 정도의 미남자였다. 마치 조각을 깎은 듯 완벽한 비율에 당신은 속으로 잠시 감탄했다. ,
scene4_a,5,,narrator,여유로운 움직임으로 샴페인 잔을 낚아챈 사내는 마찬가지로 여유로운 움직임으로 샴페인을 들이킨다.,
scene4_a_choice,1,liszt,???,이 긴 밤을 흘려보내고 싶지 않다면 술은 그만 하는 게 좋을 거예요. 이거 꽤 세거든.,
scene4_aa,1,,narrator,그때 검은 머리의 사내가 나타나 샴페인 잔을 가로챘던 금발의 남자를 뒤로 잡아끈다.,
scene4_aa,2,,narrator,금발의 남자보다 체구가 작음에도 그 잡아끄는 손길에 금발의 남자가 휘청이는 것으로 보아 힘이 상당해 보였다.,
scene4_aa,3,mendelssohn,???,"실례했습니다, 숙녀 분. 이 친구가 술이 들어가면 맨정신으로는 하지 않을 짓을 자꾸 합니다. 결례를 용서해 주시기를…",
scene4_aa,4,,narrator,흑발의 남자는 깍듯이 몸을 숙여 진심 어린 사과를 전한다.,
scene4_b,1,,narrator,너무 많은 사람을 만난 탓인지 어지러워진 당신은 셰즈 롱그 쪽으로 천천히 뒷걸음질을 치다가 누군가에게 부딪히고 만다.,
scene4_b,2,,narrator,"순간 균형을 잃고 넘어질 뻔했지만, 당신이 넘어지기 전에 당신이 부딪힌 남자가 당신의 팔을 잡아 준다.",
scene4_b,3,,narrator,허공에서 당신과 남자의 눈이 마주친다. 파리 근교에서는 자주 볼 수 없는 깊고 맑은 갈색 눈이었다.,
scene4_b,4,,narrator,"살짝 아래쪽으로 휘어진 눈꼬리에는 진심 어린 걱정이 담겨 있었고, 그 순수한 걱정에는 어딘가 소년 같은 구석이 있었다.",
scene4_b,5,mendelssohn,???,"괜찮으신가요? 실례했습니다, 제가 좀 더 주의를 기울였어야 하는데…",
scene4_bb,1,liszt,???,"미안합니다, 숙녀분. 아가씨의 아름다움에 이 백면서생조차도 넋을 놓고 있다가 아가씨에게 부딪힐 걸 깨닫지 못한 모양이네요.",
scene4_bb,2,,narrator,금발의 남자가 던지는 장난스러운 말에 당신이 부딪힌 검은 머리의 남자가 얼굴을 붉힌다.,
scene4_bb,3,mendelssohn,???,초면의 숙녀분께 이 무슨 무례인가요! 다시 한 번 정말 죄송합니다. 이 친구의 말까지 포함해서 대신 사과드립니다.,
scene4_bb,4,,narrator,검은 머리의 남자가 난처하다는 표정으로 미간을 살짝 좁혔다. 그 모습이 약간은 우스워 당신은 웃음을 간신히 참는다.,
scene5,1,,narrator,"금발 머리 남자가 다시 무어라 반박하려 들던 그 때, 시마노프스카 부인이 저 멀리 있던 조각가와의 대화를 마치고 다가온다.",
scene5,2,szymanowska,szymanowska,안 그래도 소개해주려고 했는데 보니까 벌써 만난 모양이구나?,
scene5,3,,narrator,시마노프스카 부인은 금발의 사내에게로 몸을 돌린다.,
scene5,4,szymanowska,szymanowska,"에투아르, 이쪽은 내 살롱에 자주 오던 친구 프란츠 리스트란다. 요즘은 파리에서 뜨고 있는 신예 피아니스트지.",
scene5,5,szymanowska,szymanowska,"리스트 씨, 이쪽은 내 피후견인인 에투아르 베시에르랍니다. 음악에 관심이 아주 많은 아이죠.",
scene5_choice,1,liszt,liszt,"만나서 반갑습니다, 아름다운 아가씨. 숙녀분의 손등에 입맞추는 영광을 제게 허락해 주시겠습니까?",
scene6,1,szymanowska,szymanowska,"리스트 씨, 부디 그대의 드높은 악명이 내 피후견인에게까지는 미치지 않기를 바랍니다.",
scene6,2,liszt,liszt,"걱정도 많으십니다, 부인. 제가 그리 경우 없는 사내는 아니니 걱정하지 마시기를.",
scene6,3,szymanowska,szymanowska,시마노프스카가 한숨을 내쉬었다.,
scene6,4,szymanowska,szymanowska,"…그리고 이쪽은 내 친구기도 한 괴테 선생께서 더없이 아끼시는 신동 작곡가, 펠릭스 멘델스존이란다.",
scene6,5,szymanowska,szymanowska,"멘델스존 씨, 이쪽은 앞서 말했듯 내 피후견인 에투아르 베시에르입니다. 예쁘게 봐 주시기를.",
scene6,6,mendelssohn,mendelssohn,"새로운 인연을 맺게 되어 기쁩니다, 베시에르 양. ",
scene6_choice,1,mendelssohn,mendelssohn,멘델스존은 가볍게 허리를 숙여서 인사했다.,
scene7,1,szymanowska,szymanowska,"마음에도 없는 칭찬은 그만해도 좋아요, 멘델스존 씨.",
scene7,2,szymanowska,szymanowska,두 사람은 오늘 혼자 왔나요?,
scene7,3,liszt,liszt,그런 셈이죠.,
scene7,4,mendelssohn,mendelssohn,굳이 따지자면 이 친구가 동행입니다. ,
scene7,5,szymanowska,szymanowska,그렇군요. 이왕이면 두 사람 다 근사한 신사들이니 모든 춤곡을 다 추기를 바라요.,
scene7_choice1,1,mendelssohn,mendelssohn,"물론입니다, 부인. 이렇게 기분 좋은 사람들이 모여 있는 곳에서 춤을 추지 않고 흘려보내는 건 아까운 일이 되겠죠.",
scene7_choice2,1,liszt,liszt,노력은 해보겠습니다만 파트너가 내게 발을 밟히지나 않으면 다행이겠네요.,
scene8,1,,narrator,리스트의 플러팅에 멘델스존이 옆에서 리스트를 날카롭게 쏘아보았다.,
scene8,2,mendelssohn,mendelssohn,리스트 씨.,
scene8,3,liszt,liszt,"왜, 난 진심인데.",
scene9,1,liszt,liszt,"그렇다면 베시에르 양, 아직 옆자리가 비어 있는 곡이 있다면 나랑 한 곡 어떠신가요?",
scene9,2,liszt,liszt,"제가 춤은 잘 추지 못하지만, 베시에르 양을 즐겁게 해 드릴 자신은 있답니다.",
scene9,3,mendelssohn,mendelssohn,"처음 만난 숙녀분께 너무 저돌적인 것 아닌가요, 리스트 씨?",
scene9,4,liszt,liszt,미인은 쟁취하는 자의 것인 법이지. 우리 멘델스존 씨께서는 가만히 지켜보고만 있을 생각이신가?,
scene9,5,mendelssohn,mendelssohn,그럴 리가요.,
scene9_choice,1,mendelssohn,mendelssohn,"베시에르 양, 한 자리가 더 비어 있다면 제게도 한 곡을 약속해 줄 수 있으실지 여쭙겠습니다.",
scene10_a,1,szymanowska,szymanowska,다시 생각해보렴. 나라면 좀 더 고민해보겠어.,
scene10_a,2,mendelssohn,mendelssohn,"아닙니다, 부인. 숙녀분께서 원치 않으시는데 부담을 드릴 수야 없는 노릇이죠.",
scene10_a,3,liszt,liszt,"예, 아쉽지만 물러날 때를 아는 것도 '신사의 도리' 아니겠습니까.",
scene10_a,4,mendelssohn,mendelssohn,그러면 저는 물러가 보도록 하겠습니다. 두 분 다 모쪼록 즐거운 저녁 시간 보내시기를.,
scene10_a,5,liszt,liszt,바쁜 숙녀분을 붙들어 두고 있을 수야 없는 노릇이겠죠. 즐거운 무도회 되시기를!,
scene10_a,6,,narrator,"가볍게 허리를 숙인 뒤, 리스트와 멘델스존은 각자의 지인들을 찾아 흩어졌다.",
scene10_b,1,liszt,liszt,그러면 첫 번째 왈츠는 제가. ,
scene10_b,2,mendelssohn,mendelssohn,저는 그 다음 곡을 추도록 하죠. ,
scene10_b,3,,narrator,리스트와 멘델스존이 차례로 당신의 댄스 카드에 이름을 적는다.,
scene10_c,1,,narrator,리스트와 멘델스존 둘 모두의 얼굴에 깜짝 놀란 기색이 스친다.,
scene10_c,2,,narrator,리스트의 얼굴은 약간 붉어지고 멘델스존의 얼굴은 하얗게 질린다.,
scene10_c,3,liszt,liszt,"하하하! 이거이거, 또 새로운 경험이네요.",
scene10_c,4,mendelssohn,mendelssohn,"베, 베시에르 양…",
scene10_c,5,,narrator,멘델스존은 좀처럼 어쩔 줄을 몰라 리스트와 당신을 번갈아 바라본다. ,
scene10_c_choice,1,szymanowska,szymanowska,"세상에, 에투아르… 빨리 리스트 씨께 사과드리렴!",
scene10_c_a,1,mendelssohn,mendelssohn,"리스트 씨, 어쩜 그렇게 천박한 소리를…!",
scene10_c_a,2,liszt,liszt,숙녀 분께서 나보다는 네가 더 취향이었던 모양이지. 빼지 말고 즐기고 와!,
scene10_c_a,3,,narrator,리스트는 호탕하게 웃으며 멘델스존의 등을 두드리지만 이미 굳어버린 멘델스존의 표정은 좀처럼 펴지지 않는다.,
scene10_c_b,1,liszt,liszt,"아니, 그쪽이 사과할 필요는 없어. 그럼 좋은 시간 보내기를.",
scene10_c_b,2,,narrator,리스트는 호탕하게 웃으며 멘델스존의 등을 두드리지만 이미 굳어버린 멘델스존의 표정은 좀처럼 펴지지 않는다.,
scene10_d,1,mendelssohn,mendelssohn,"운이 좋으시군요, 리스트 씨.",
scene10_d,2,liszt,liszt,말했다시피 용기 있는 자가 미인을 쟁취하는 법이니까.,
scene10_d,3,mendelssohn,mendelssohn,다음 번에는 제가 조금 더 발빠르게 빈자리를 채가도록 해 보겠습니다.,
scene10_d,4,,narrator,멘델스존은 미소를 지으며 고개를 살짝 숙인다. ,
scene11_a,1,,narrator,폴로네즈 음악이 저 멀리서 들려온다.,
scene11_a,2,,narrator,가장 신분이 높은 사람들부터가 위엄 있는 걸음으로 입장하고 뒤이어 짝을 지은 남녀 십수 쌍이 행진한다.,
scene11_a,3,,narrator,"가벼운 카드리유가 지나고, 첫 번째 왈츠 곡이 시작된다.",
scene11_b,1,,narrator,폴로네즈 음악이 저 멀리서 들려온다.,
scene11_b,2,,narrator,가장 신분이 높은 사람들부터가 위엄 있는 걸음으로 입장하고 뒤이어 짝을 지은 남녀 십수 쌍이 행진한다.,
scene11_b,3,,narrator,"가벼운 카드리유가 지나고, 첫 번째 왈츠 곡이 시작된다.",
scene11_c,1,,narrator,폴로네즈 음악이 저 멀리서 들려온다.,
scene11_c,2,,narrator,가장 신분이 높은 사람들부터가 위엄 있는 걸음으로 입장하고 뒤이어 짝을 지은 남녀 십수 쌍이 행진한다.,
scene11_c,3,,narrator,"가벼운 카드리유가 지나고, 첫 번째 왈츠 곡이 시작된다.",
scene11_d,1,,narrator,폴로네즈 음악이 저 멀리서 들려온다.,
scene11_d,2,,narrator,가장 신분이 높은 사람들부터가 위엄 있는 걸음으로 입장하고 뒤이어 짝을 지은 남녀 십수 쌍이 행진한다.,
scene11_d,3,,narrator,"가벼운 카드리유가 지나고, 첫 번째 왈츠 곡이 시작된다.",
scene12_a,1,,narrator,당신은 자리에 앉아서 십수 쌍의 커플이 왈츠를 추는 모습을 지켜본다.,
scene12_a,2,,narrator,"꽤 길게 느껴지는 20분이 지나고, 당신은 카드리유와 마주르카를 춘 뒤 잠깐 숨을 돌린다.",
scene12_a,3,,narrator,두 번째 왈츠가 시작할 차례였다.,
scene13_a,1,,narrator,당신은 자리에 앉아서 두 번째 왈츠를 추는 커플들을 지켜본다.,
scene12_b,1,,narrator,리스트가 당신의 손을 잡아끌고 무도회장의 가운데로 향한다.,
scene12_b,2,,narrator,"바이올린이 톨베크의 선율을 연주했고, 플로어 위 수십 쌍의 남녀가 한꺼번에 움직이기 시작했다.",
scene12_b,3,liszt,liszt,톨베크라니! 주최자의 취향도 참 알만하네요.,
scene12_b_choice,1,liszt,liszt,흔해빠진 똑같은 선율밖에 없는 무도회장은 정말 신물이 나요.,
scene12_b_a_choice,1,liszt,liszt,"그리고, 확실한 의견을 갖고 있다는 건 좋은 일 아닌가요?",
scene12_b_a_a,1,liszt,liszt,"조심도 좋지만, 조심하다가 스스로를 잃는 일이 있어서는 안 된다고 생각하거든요. ",
scene12_b_a_b,1,liszt,liszt,하지만 그렇게 자기 의견이 없어서야 삶에 어떤 의미가 있겠습니까.,
scene13_b_a,1,liszt,liszt,인간은 무엇인가를 향해서 나아갈 때 가장 아름다운 법 아니겠어요?,
scene12_b_b,1,,narrator,리스트는 당신의 말이 마음에 든다는 듯 크게 웃었다.,
scene14_b,1,liszt,liszt,"나는 인간도, 예술도 다른 모든 것과 마찬가지로 계속해서 앞으로 나아가야 하는 것이라 봅니다.",
scene14_b_choice,1,liszt,liszt,발전이 없다면 그것은 무엇이든간에 죽은 것이나 다름없죠. ,
scene14_b_a,1,liszt,liszt,"물론 그 과정에서 이런 저런 시행착오들이 있었지만, 궁극적으로는 나아가야 하는 하나의 방향이 있을 겁니다.",
scene15_b_choice,1,liszt,liszt,혹시 메닐몽탕의 반항아들에 관심이 있으신가요?,
scene15_b_a_choice,1,liszt,liszt,베시에르 양께서는 예술은 어떤 역할을 수행해야 한다고 생각하시나요?,
scene16_b_a,1,liszt,liszt,결국 예술이라는 건 '미래' 를 향해야 합니다. 어떤 의미에서는 우리의 현실이 도달하지 못한 이상을 향해야 하죠.,
scene16_b_a,2,liszt,liszt,그런 의미에서 나와 같은 예술가들은 미래를 향해 미리 달려가고 있는 선구자들이 되어야만 합니다.,
scene16_b_a,3,liszt,liszt,"뭐, 그렇게 거창하게 이야기를 한다고 해도 아직은 나 또한 대중 앞에서 연주하는 원숭이에 지나지 않지만 말이죠.",
scene16_b_a,4,,narrator,그렇게 말하는 리스트의 얼굴에는 일순 씁쓸한 기색이 스쳤다.,
scene16_b_a_choice,1,,narrator,그 화려한 얼굴에 스친 무력감과 고독은 위태로운 분위기를 자아내며 시선을 더욱 강하게 잡아끌었다.,
scene16_b_a_a,1,liszt,liszt,"그렇게 된다면 정말 좋겠죠. 하지만 대중의 인정이 그렇게 의미가 있을지… 흠, 잘 모르겠습니다.",
scene16_b_a_c,1,liszt,liszt,고마워요. 그런 말은 처음 들어보네요. ,
scene17_b,1,,narrator,리스트는 약간 어색해진 분위기를 느낀 것인지 과장되게 활기찬 미소를 지으며 어느새 당신의 허리 아래쪽으로 향해 있던 손을 제대로 된 자리로 고친다.,
scene17_b,2,liszt,liszt,이런 이야기는 그만하도록 하죠! 오늘의 경쾌한 분위기에 어울리는 주제는 아니었던 것 같네요.,
scene17_b,3,liszt,liszt,베시에르 양께서는 시마노프스카 부인의 피후견인이라고 하셨죠? ,
scene17_b,4,,me,"네, 그렇죠.",
scene17_b,5,liszt,liszt,"시마노프스카 부인께서도 걱정이 많으시겠더군요, 러시아에서 오래 일하긴 하셨지만 어쨌든 고국은 폴란드니 말이죠.",
scene17_b,6,,me,걱정을 하지 않기는 어려운 상황이죠. 사태가 장기화되지 않기만을 바랄 뿐입니다.,
scene17_b_choice,1,liszt,liszt,"프랑스 내에서도 이번 봉기에 대해 의견이 분분한 것 같던데, 베시에르 양은 이번 봉기에 대해 어떻게 생각하시나요?",
scene17_b_b,1,liszt,liszt,"비록 그곳에 많은 추억이 있다고는 할 수 없지만, 저 또한 헝가리 사람으로서 약소국 국민으로 산다는 것에 대해 고민을 하거든요.",
scene17_b_c,1,liszt,liszt,동의합니다. 어떤 상황에서든 평화적인 해결책이 최우선되어야 인류의 화합이 한 발짝 더 가까워질 테니까요.,
scene17_b_c,2,liszt,liszt,결국에 가장 낮은 곳에서부터 실천하는 차별 없는 사랑이 세계 모든 인류의 행복을 위한 해답이 아닐까 싶습니다. ,
scene18_b,1,liszt,liszt,모쪼록 이곳에 추방되다시피 와 있는 많은 폴란드 사람들이 빠른 시일 내로 고국으로 돌아갈 수 있으면 좋겠네요.,
scene18_b,2,liszt,liszt,모국에서 벗어나 살아가는 감각은 생각보다 유쾌하지 않으니까요. ,
scene18_b,3,,narrator,리스트는 곳곳에 보이는 흰 드레스에 붉은 장식을 단 여자들을 곁눈질로 살펴보았다.,
scene18_b,4,liszt,liszt,"아, 물론 프랑스에서 사는 게 힘들다든가 하는 이야기는 아닙니다! 파리는 반쯤 내 고향이나 다름없으니까요.",
scene18_b,5,,me,확실히 파리에서 산 기간으로만 따지자면 리스트 씨가 저보다 더 파리지앵에 가까우실지도 모르겠네요.,
scene18_b,6,liszt,liszt,그렇게 되는군요. 파리의 맛집이나 책방이라면 속속들이 알고 있으니 언제든 편하게 물어봐 주시기를.,
scene18_b,7,,narrator,리스트는 그렇게 말하며 시원시원하게 걸음을 옮겼다.,
scene18_b,8,,narrator,"그의 움직임은 아주 우아하거나 유려한 것은 아니었지만, 자신감과 대담함이 배어 있었다.",
scene18_b,9,,narrator,"큰 키 덕분일까, 하나하나의 움직임이 눈에 잘 들어왔다.",
scene18_b,10,,narrator,때때로 동작을 틀릴 때조차 가볍고 경쾌한 사과와 화려한 미소 덕에 정신이 팔려 조금도 불쾌한 느낌이 들지 않았다.,
scene18_b,11,,narrator,"반 바퀴를 돌기 위해 걸음을 옮기던 중, 스텝이 꼬여 리스트가 당신의 발을 밟는다.",
scene18_b,12,liszt,liszt,"이런, 미안해요. 밟을 곳도 없는 작은 발을 밟고 나니 마음이 좋지 않네요.",
scene18_b,13,,me,괜… 괜찮아요. ,
scene18_b,14,liszt,liszt,형편없는 파트너라서 미안합니다. 평소에는 저기서 피아노를 치는 역할을 맡다가 춤을 추려 하니 잘 안 되네요.,
scene18_b,15,,narrator,리스트는 멋쩍게 웃으며 신발자국이 살짝 남은 당신의 발을 내려다보았다.,
scene18_b,16,,me,정말 괜찮아요. 더 형편없는 파트너도 많이 만나봤습니다.,
scene18_b,17,liszt,liszt,아예 다음번에 돌 때는 스텝이 꼬일 일이 없도록 해볼까요?,
scene18_b,18,,me,어떻게 할 계획이신가요?,
scene18_b,19,liszt,liszt,그건 비밀.,
scene18_b,20,,narrator,"리스트는 한쪽 눈을 찡긋해 보이고, 당신은 승낙의 뜻으로 고개를 살짝 끄덕인다.",
scene18_b,21,,narrator,"다시 한 번 턴을 할 순간이 됐을 때, 당신의 몸이 갑자기 공중으로 붕 떠오른다.",
scene18_b,22,,narrator,리스트가 당신을 땅에서 몇 피트 정도 들어올리며 턴을 한 것이었다.,
scene18_b,23,,narrator,동화에서나 나올 법한 극적인 연출에 당신과 리스트에게로 시선이 집중된다. 조금 민망했지만 나쁜 기분은 아니었다.,
scene18_b,24,,narrator,순간 공중에서 내려다본 리스트는 무엇인가 자신을 붙들어매던 것에서 자유로워진 것처럼 즐거운 표정을 짓고 있었다.,
scene18_b,25,,narrator,찰랑거리며 사방으로 흩어지는 금빛 머리카락과 그의 조각처럼 아름다운 얼굴에 피어난 해맑은 미소에 당신 또한 민망함을 잠시 잊는다.,
scene18_b,26,liszt,liszt,"어때요, 이러면 발은 안 밟겠죠?",
scene18_b,27,,me,이게 뭐예요. 매번 이렇게 들어올릴 수도 없잖아요.,
scene18_b,28,liszt,liszt,가끔 박자를 놓칠 것 같을 때 한두번 정도는 써먹을 수 있겠죠.,
scene18_b,29,,narrator,당신은 어이없어하면서 웃었다.,
scene18_b,30,,narrator,"당신과 리스트는 정치, 종교, 사회 문제와 예술에 관한 이야기를 나누며 왈츠를 이어갔다.",
scene18_b,31,,narrator,리스트는 말이 많았고 그의 말은 약간은 장황했다. 하지만 그런 이상론을 듣는 것도 꽤 흥미로운 일이었다.,
scene18_b,32,,narrator,"이따금씩 당신은 리스트의 발을, 리스트는 당신의 발을 밟았지만 몇 번쯤 사과가 반복되다 보니 그것조차도 웃음만을 자아냈다.",
scene18_b_choice,1,,narrator,"이내 음악이 천천히 잦아들고, 당신과 리스트는 춤을 마무리할 준비를 한다.",
scene19_b_a,1,,me,원래 이렇게 모든 사람들에게 가벼운 농담을 던지시나요? 오해를 살 수도 있으니 주의하시는 게 좋아요.,
scene19_b_a,2,liszt,liszt,"파리가 아니라면 어떤 곳에서 이런 농담을 던져보겠나요. 그리고 또 모르는 일이죠, 농담이 아닐지?",
scene19_b_a,3,,narrator,리스트는 당신에게 한쪽 눈을 찡긋했다. 당신은 그런 리스트에게 가볍게 눈을 흘겼다. ,
scene19_b_b,1,,me,"최악의 파트너는 아니었다지만, 최고의 파트너였다고도 결코 말 못하겠네요.",
scene19_b_b,2,,me,저는 꽤나 기준이 높은 여자랍니다. 춤으로 저를 유혹하고 싶으시다면 조금은 더 연습을 해오셔야겠어요.,
scene19_b_b,3,liszt,liszt,"흐음, 이거 쉽지 않네요. 알겠습니다. 다음 번에는 베시에르 양을 만족시킬 수 있을 만한 훌륭한 춤꾼이 되어 오도록 하죠.",
scene19_b_b,4,,me,그 유혹하는 농담들을 갈고닦는 시간의 반만 왈츠 추는 데 투자해도 금세 훌륭한 춤꾼이 되실 거예요.,
scene20_b,1,liszt,liszt,유쾌도 하셔라. 방금의 말씀은 제게 또 한 번의 춤을 약속하셨다는 뜻으로 알아듣겠습니다.,
scene20_b,2,,me,좋으실 대로. ,
scene20_b,3,,narrator,"곡이 마무리되고, 박수가 터져나온다. 플로어 위의 커플은 서로 허리를 숙여 예를 표한다.",
scene20_b,4,,narrator,"리스트 또한 허리를 숙이고, 당신도 무릎인사로 답례한다.",
scene20_b,5,,narrator,당신은 리스트의 에스코트를 받아 카드 테이블 근처 무도회장의 가장자리로 향한다.,
scene20_b,6,liszt,liszt,"즐거웠어요, 베시에르 양. 다음 곡도 즐겁게 즐기시기를.",
scene20_b,7,,me,마찬가지입니다. 리스트 씨도 즐거운 무도회 되시기를.,
scene20_b,8,,narrator,당신은 부채질을 하며 방금 전의 일을 되새겨 본다.,
scene20_b,9,,narrator,무도회장 저편에서 방금 전의 파트너를 의자까지 안내하는 멘델스존이 얼핏 보인다.,
scene20_b,10,,narrator,당신은 발끝을 오므렸다가 펴 본다. 한 곡을 추고 돌아온 시마노프스카가 옆자리에 앉는다.,
scene20_b_choice,1,szymanowska,szymanowska,춤추는 건 오랜만이었지? 어땠니?,
scene20_b_a,1,,narrator,다음 번에 만나면 한 곡을 더 출 생각도 있었다. 춤을 잘 추는지와는 별개로 같이 있으면 신이 났다.,
scene21_b,1,,narrator,당신의 답을 들은 시마노프스카가 고개를 천천히 끄덕인다. ,
scene21_b,2,szymanowska,szymanowska,그렇구나. 리스트가 워낙에 소문이 많아서 이상한 짓이라도 했을까 봐 걱정을 좀 했는데 그런 건 아니라니 다행이네.,
scene21_b,3,szymanowska,szymanowska,좀 가벼운 느낌이 있지만 나쁜 애는 아니긴 하지. ,
scene21_b,4,,narrator,"잠깐의 쉬는시간이 지나고, 당신은 카드리유와 마주르카를 춘 뒤 숨을 고른다.",
scene21_b,5,,narrator,두 번째 왈츠가 시작할 차례였다.,
scene12_c,1,,narrator,리스트가 당신의 손을 잡아끌고 무도회장의 가운데로 향한다.,
scene12_c,2,,narrator,"바이올린이 톨베크의 선율을 연주했고, 플로어 위 수십 쌍의 남녀가 한꺼번에 움직이기 시작했다.",
scene12_c,3,liszt,liszt,톨베크라니! 주최자의 취향도 참 알만하네요.,
scene12_c_choice,1,liszt,liszt,흔해빠진 똑같은 선율밖에 없는 무도회장은 정말 신물이 나요.,
scene12_c_a_choice,1,liszt,liszt,"그리고, 확실한 의견을 갖고 있다는 건 좋은 일 아닌가요?",
scene12_c_a_a,1,liszt,liszt,"조심도 좋지만, 조심하다가 스스로를 잃는 일이 있어서는 안 된다고 생각하거든요. ",
scene12_c_a_b,1,liszt,liszt,하지만 그렇게 자기 의견이 없어서야 삶에 어떤 의미가 있겠습니까.,
scene13_c_a,1,liszt,liszt,인간은 무엇인가를 향해서 나아갈 때 가장 아름다운 법 아니겠어요?,
scene12_c_b,1,,narrator,리스트는 당신의 말이 마음에 든다는 듯 크게 웃었다.,
scene14_c,1,liszt,liszt,"나는 인간도, 예술도 다른 모든 것과 마찬가지로 계속해서 앞으로 나아가야 하는 것이라 봅니다.",
scene14_c_choice,1,liszt,liszt,발전이 없다면 그것은 무엇이든간에 죽은 것이나 다름없죠. ,
scene14_c_a,1,liszt,liszt,"물론 그 과정에서 이런 저런 시행착오들이 있었지만, 궁극적으로는 나아가야 하는 하나의 방향이 있을 겁니다.",
scene15_c_choice,1,liszt,liszt,혹시 메닐몽탕의 반항아들에 관심이 있으신가요?,
scene15_c_a_choice,1,liszt,liszt,베시에르 양께서는 예술은 어떤 역할을 수행해야 한다고 생각하시나요?,
scene16_c_a,1,liszt,liszt,결국 예술이라는 건 '미래' 를 향해야 합니다. 어떤 의미에서는 우리의 현실이 도달하지 못한 이상을 향해야 하죠.,
scene16_c_a,2,liszt,liszt,그런 의미에서 나와 같은 예술가들은 미래를 향해 미리 달려가고 있는 선구자들이 되어야만 합니다.,
scene16_c_a,3,liszt,liszt,"뭐, 그렇게 거창하게 이야기를 한다고 해도 아직은 나 또한 대중 앞에서 연주하는 원숭이에 지나지 않지만 말이죠.",
scene16_c_a,4,,narrator,그렇게 말하는 리스트의 얼굴에는 일순 씁쓸한 기색이 스쳤다.,
scene16_c_a_choice,1,,narrator,그 화려한 얼굴에 스친 무력감과 고독은 위태로운 분위기를 자아내며 시선을 더욱 강하게 잡아끌었다.,
scene16_c_a_a,1,liszt,liszt,"그렇게 된다면 정말 좋겠죠. 하지만 대중의 인정이 그렇게 의미가 있을지… 흠, 잘 모르겠습니다.",
scene16_c_a_c,1,liszt,liszt,고마워요. 그런 말은 처음 들어보네요. ,
scene17_c,1,,narrator,리스트는 약간 어색해진 분위기를 느낀 것인지 과장되게 활기찬 미소를 지으며 어느새 당신의 허리 아래쪽으로 향해 있던 손을 제대로 된 자리로 고친다.,
scene17_c,2,liszt,liszt,이런 이야기는 그만하도록 하죠! 오늘의 경쾌한 분위기에 어울리는 주제는 아니었던 것 같네요.,
scene17_c,3,liszt,liszt,베시에르 양께서는 시마노프스카 부인의 피후견인이라고 하셨죠? ,
scene17_c,4,,me,"네, 그렇죠.",
scene17_c,5,liszt,liszt,"시마노프스카 부인께서도 걱정이 많으시겠더군요, 러시아에서 오래 일하긴 하셨지만 어쨌든 고국은 폴란드니 말이죠.",
scene17_c,6,,me,걱정을 하지 않기는 어려운 상황이죠. 사태가 장기화되지 않기만을 바랄 뿐입니다.,
scene17_c_choice,1,liszt,liszt,"프랑스 내에서도 이번 봉기에 대해 의견이 분분한 것 같던데, 베시에르 양은 이번 봉기에 대해 어떻게 생각하시나요?",
scene17_c_b,1,liszt,liszt,"비록 그곳에 많은 추억이 있다고는 할 수 없지만, 저 또한 헝가리 사람으로서 약소국 국민으로 산다는 것에 대해 고민을 하거든요.",
scene17_c_c,1,liszt,liszt,동의합니다. 어떤 상황에서든 평화적인 해결책이 최우선되어야 인류의 화합이 한 발짝 더 가까워질 테니까요.,
scene17_c_c,2,liszt,liszt,결국에 가장 낮은 곳에서부터 실천하는 차별 없는 사랑이 세계 모든 인류의 행복을 위한 해답이 아닐까 싶습니다. ,
scene18_c,1,liszt,liszt,모쪼록 이곳에 추방되다시피 와 있는 많은 폴란드 사람들이 빠른 시일 내로 고국으로 돌아갈 수 있으면 좋겠네요.,
scene18_c,2,liszt,liszt,모국에서 벗어나 살아가는 감각은 생각보다 유쾌하지 않으니까요. ,
scene18_c,3,,narrator,리스트는 곳곳에 보이는 흰 드레스에 붉은 장식을 단 여자들을 곁눈질로 살펴보았다.,
scene18_c,4,liszt,liszt,"아, 물론 프랑스에서 사는 게 힘들다든가 하는 이야기는 아닙니다! 파리는 반쯤 내 고향이나 다름없으니까요.",
scene18_c,5,,me,확실히 파리에서 산 기간으로만 따지자면 리스트 씨가 저보다 더 파리지앵에 가까우실지도 모르겠네요.,
scene18_c,6,liszt,liszt,그렇게 되는군요. 파리의 맛집이나 책방이라면 속속들이 알고 있으니 언제든 편하게 물어봐 주시기를.,
scene18_c,7,,narrator,리스트는 그렇게 말하며 시원시원하게 걸음을 옮겼다.,
scene18_c,8,,narrator,"그의 움직임은 아주 우아하거나 유려한 것은 아니었지만, 자신감과 대담함이 배어 있었다.",
scene18_c,9,,narrator,"큰 키 덕분일까, 하나하나의 움직임이 눈에 잘 들어왔다.",
scene18_c,10,,narrator,때때로 동작을 틀릴 때조차 가볍고 경쾌한 사과와 화려한 미소 덕에 정신이 팔려 조금도 불쾌한 느낌이 들지 않았다.,
scene18_c,11,,narrator,"반 바퀴를 돌기 위해 걸음을 옮기던 중, 스텝이 꼬여 리스트가 당신의 발을 밟는다.",
scene18_c,12,liszt,liszt,"이런, 미안해요. 밟을 곳도 없는 작은 발을 밟고 나니 마음이 좋지 않네요.",
scene18_c,13,,me,괜… 괜찮아요. ,
scene18_c,14,liszt,liszt,형편없는 파트너라서 미안합니다. 평소에는 저기서 피아노를 치는 역할을 맡다가 춤을 추려 하니 잘 안 되네요.,
scene18_c,15,,narrator,리스트는 멋쩍게 웃으며 신발자국이 살짝 남은 당신의 발을 내려다보았다.,
scene18_c,16,me,me,정말 괜찮아요. 더 형편없는 파트너도 많이 만나봤습니다.,
scene18_c,17,liszt,liszt,아예 다음번에 돌 때는 스텝이 꼬일 일이 없도록 해볼까요?,
scene18_c,18,,me,어떻게 할 계획이신가요?,
scene18_c,19,liszt,liszt,그건 비밀.,
scene18_c,20,,narrator,"리스트는 한쪽 눈을 찡긋해 보이고, 당신은 승낙의 뜻으로 고개를 살짝 끄덕인다.",
scene18_c,21,,narrator,"다시 한 번 턴을 할 순간이 됐을 때, 당신의 몸이 갑자기 공중으로 붕 떠오른다.",
scene18_c,22,,narrator,리스트가 당신을 땅에서 몇 피트 정도 들어올리며 턴을 한 것이었다.,
scene18_c,23,,narrator,동화에서나 나올 법한 극적인 연출에 당신과 리스트에게로 시선이 집중된다. 조금 민망했지만 나쁜 기분은 아니었다.,
scene18_c,24,,narrator,순간 공중에서 내려다본 리스트는 무엇인가 자신을 붙들어매던 것에서 자유로워진 것처럼 즐거운 표정을 짓고 있었다.,
scene18_c,25,,narrator,찰랑거리며 사방으로 흩어지는 금빛 머리카락과 그의 조각처럼 아름다운 얼굴에 피어난 해맑은 미소에 당신 또한 민망함을 잠시 잊는다.,
scene18_c,26,liszt,liszt,"어때요, 이러면 발은 안 밟겠죠?",
scene18_c,27,,me,이게 뭐예요. 매번 이렇게 들어올릴 수도 없잖아요.,
scene18_c,28,liszt,liszt,가끔 박자를 놓칠 것 같을 때 한두번 정도는 써먹을 수 있겠죠.,
scene18_c,29,,narrator,당신은 어이없어하면서 웃었다.,
scene18_c,30,,narrator,"당신과 리스트는 정치, 종교, 사회 문제와 예술에 관한 이야기를 나누며 왈츠를 이어갔다.",
scene18_c,31,,narrator,리스트는 말이 많았고 그의 말은 약간은 장황했다. 하지만 그런 이상론을 듣는 것도 꽤 흥미로운 일이었다.,
scene18_c,32,,narrator,"이따금씩 당신은 리스트의 발을, 리스트는 당신의 발을 밟았지만 몇 번쯤 사과가 반복되다 보니 그것조차도 웃음만을 자아냈다.",
scene18_c_choice,1,,narrator,"이내 음악이 천천히 잦아들고, 당신과 리스트는 춤을 마무리할 준비를 한다.",
scene19_c_a,1,,me,원래 이렇게 모든 사람들에게 가벼운 농담을 던지시나요? 오해를 살 수도 있으니 주의하시는 게 좋아요.,
scene19_c_a,2,liszt,liszt,"파리가 아니라면 어떤 곳에서 이런 농담을 던져보겠나요. 그리고 또 모르는 일이죠, 농담이 아닐지?",
scene19_c_a,3,,narrator,리스트는 당신에게 한쪽 눈을 찡긋했다. 당신은 그런 리스트에게 가볍게 눈을 흘겼다. ,
scene19_c_b,1,liszt,liszt,"아야야, 이거 상처네요. 제가 그 정도로 형편없는 파트너였나요?",
scene19_c_b,2,,me,"최악의 파트너는 아니었다지만, 최고의 파트너였다고도 결코 말 못하겠네요.",
scene19_c_b,3,,me,저는 꽤나 기준이 높은 여자랍니다. 춤으로 저를 유혹하고 싶으시다면 조금은 더 연습을 해오셔야겠어요.,
scene19_c_b,4,liszt,liszt,"흐음, 이거 쉽지 않네요. 알겠습니다. 다음 번에는 베시에르 양을 만족시킬 수 있을 만한 훌륭한 춤꾼이 되어 오도록 하죠.",
scene19_c_b,5,,me,그 유혹하는 농담들을 갈고닦는 시간의 반만 왈츠 추는 데 투자해도 금세 훌륭한 춤꾼이 되실 거예요.,
scene20_c,1,liszt,liszt,유쾌도 하셔라. 방금의 말씀은 제게 또 한 번의 춤을 약속하셨다는 뜻으로 알아듣겠습니다.,
scene20_c,2,,me,좋으실 대로. ,
scene20_c,3,,narrator,"곡이 마무리되고, 박수가 터져나온다. 플로어 위의 커플은 서로 허리를 숙여 예를 표한다.",
scene20_c,4,,narrator,"리스트 또한 허리를 숙이고, 당신도 무릎인사로 답례한다.",
scene20_c,5,,narrator,당신은 리스트의 에스코트를 받아 카드 테이블 근처 무도회장의 가장자리로 향한다.,
scene20_c,6,liszt,liszt,"즐거웠어요, 베시에르 양. 다음 곡도 즐겁게 즐기시기를.",
scene20_c,7,,me,마찬가지입니다. 리스트 씨도 즐거운 무도회 되시기를.,
scene20_c,8,,narrator,당신은 부채질을 하며 방금 전의 일을 되새겨 본다.,
scene20_c,9,,narrator,무도회장 저편에서 방금 전의 파트너를 의자까지 안내하는 멘델스존이 얼핏 보인다.,
scene20_c,10,,narrator,당신은 발끝을 오므렸다가 펴 본다. 한 곡을 추고 돌아온 시마노프스카가 옆자리에 앉는다.,
scene20_c_choice,1,szymanowska,szymanowska,춤추는 건 오랜만이었지? 어땠니?,
scene20_c_a,1,,narrator,다음 번에 만나면 한 곡을 더 출 생각도 있었다. 춤을 잘 추는지와는 별개로 같이 있으면 신이 났다.,
scene21_c,1,,narrator,당신의 답을 들은 시마노프스카가 고개를 천천히 끄덕인다. ,
scene21_c,2,szymanowska,szymanowska,그렇구나. 리스트가 워낙에 소문이 많아서 이상한 짓이라도 했을까 봐 걱정을 좀 했는데 그런 건 아니라니 다행이네.,
scene21_c,3,szymanowska,szymanowska,좀 가벼운 느낌이 있지만 나쁜 애는 아니긴 하지. ,
scene21_c,4,,narrator,"잠깐의 쉬는시간이 지나고, 당신은 카드리유와 마주르카를 춘 뒤 숨을 고른다.",
scene21_c,5,,narrator,두 번째 왈츠가 시작할 차례였다.,
scene22,1,,narrator,당신은 자리에 앉아서 두 번째 왈츠를 추는 커플들을 지켜본다.,
scene12_d,1,,narrator,멘델스존이 다가와 당신에게 손을 내민다. 당신은 그 손을 잡고 자리에서 일어난다.,
scene12_d,2,,narrator,멘델스존이 조심스럽게 당신을 무도회장에서 사람이 그나마 제일 없는 곳으로 인도한다.,
scene12_d,3,,narrator,"플룻이 뮈자르의 선율을 연주했고, 플로어 위 수십 쌍의 남녀가 한꺼번에 움직이기 시작했다.",
scene12_d,4,mendelssohn,mendelssohn,"시마노프스카 부인을 마지막으로 뵀던 게 재작년 괴테 선생님 댁에서였는데, 그때보다도 건강해 보이셔서 다행입니다.",
scene12_d_choice,1,mendelssohn,mendelssohn,부인께 선생님께서도 부인의 안부를 궁금해했다고 전해 주세요.,
scene13_d_choice,1,mendelssohn,mendelssohn,베시에르 양은 혹 괴테 선생님의 소설 가운데 좋아하는 책이 있으신가요?,
scene14_d_a,1,mendelssohn,mendelssohn,"제가 파리에 오기 전 선생님 댁을 거쳐오면서 봤는데, 2부도 출판까지 얼마 남지 않은 모양이었어요.",
scene14_d_a,2,,me,2권도 1권만큼 흥미로운 내용이면 좋겠네요. ,
scene14_d_a,3,mendelssohn,mendelssohn,"글쎄요, 제가 얼핏 본 것에 따르면 스토리보다는 철학적 고찰이 우선되는 내용이 될 것 같더군요.",
scene14_d_a,4,mendelssohn,mendelssohn,물론 저희 재미없는 독일인들은 오히려 좋아하는 스타일입니다만… 프랑스에서도 잘 먹힐지는 모르겠네요.,
scene14_d_a,5,,me,"어머, 재미없는 독일인이라뇨. 모든 독일인이 멘델스존 씨처럼 달변가라면 '재미없는 독일인' 은 형용모순이 될 거예요.",
scene14_d_a,6,mendelssohn,mendelssohn,"하하, 사람을 기분 좋게 하는 재주가 있으시군요. 하지만 이 정도 아부에는 넘어가지 않는답니다.",
scene14_d_a,7,,me,"아부라니요, 솔직한 것도 죄가 되던가요?",
scene14_d_a,8,mendelssohn,mendelssohn,"흐음, 달변은 제가 아니라 베시에르 양이 달변가이신 것 같은데요?",
scene14_d_b,1,,me,"푸른 코트에 노란 조끼, 잘 어울리시겠는데요.",
scene14_d_b,2,mendelssohn,mendelssohn,"하하, 그때 저도 그렇게 생각을 했었는지 없는 용돈을 털어서 그렇게 옷을 지어 입었었죠.",
scene14_d_b,3,,me,다만 베르테르랑 다르게 멘델스존 씨에게는 권총이나 우울감은 잘 어울리지 않을 것 같긴 하네요. ,
scene14_d_b,4,,me,"오늘 처음 뵀으니 확실하게는 말할 수 없다만서도, 미소가 훨씬 잘 어울리는 분 같으셔서요.",
scene14_d_b,5,mendelssohn,mendelssohn,그렇게 보이나요? 다행이군요. 첫인상부터 '우울함이 잘 어울리는 사내' 라고 남는 건 별로 원치 않습니다.,
scene14_d_b_choice,1,mendelssohn,mendelssohn,"낭만주의가 유행하며 많이들 우울하고 병약한 것을 멋이라 생각하는 모양인데, 저로서는 동의하기 어렵거든요.",
scene14_d_b_a,1,,narrator,멘델스존의 뺨이 빠르게 분홍빛으로 달아올랐다. 약간은 난처한 듯한 표정에 당신은 그를 그만 놀리기로 한다. ,
scene14_d_c,1,mendelssohn,mendelssohn,"저의 짧은 식견으로 프랑스 문학에 대해 이야기를 늘어놓기보다는, 본토 사람에게 책을 추천받는 편이 훨씬 낫겠군요.",
scene14_d_c_choice,1,mendelssohn,mendelssohn,혹 추천해 주실 만한 작가가 있을까요?,
scene14_d_c_a,1,mendelssohn,mendelssohn,괴테 선생님께서는 이번 '파리의 노트르담' 은 그리 곱게 보지 않으셨던 것 같지만…,
scene14_d_c_a,2,mendelssohn,mendelssohn,모쪼록 추천 감사합니다. 저도 시간이 날 때 읽어봐야겠네요.,
scene14_d_c_b,1,mendelssohn,mendelssohn,"루소는 인간이 사회와 접촉하면서 점점 타락한다고 보는 것처럼 보였는데, 적어도 인간이 성장할수록 불행해진다는 데는 동의할 수 있을 것 같군요…",
scene14_d_c_b,2,,me,보기보다 염세적인 구석이 있으시네요.,
scene14_d_c_b,3,mendelssohn,mendelssohn,"살면서 직접 경험한 것을 말로 꺼냈을 뿐인데 염세적인 사람이 되어버렸네요, 하하.",
scene14_d_c_b,4,mendelssohn,mendelssohn,숙녀 분 앞에서는 다소 비관적인 이야기였을지도 모르겠네요. 사과드립니다. ,
scene14_d_c_b,5,,me,그런 걸로 사과하지 않으셔도 돼요. 조심성이 있다는 건 나쁜 것이 아니니까요. ,
scene14_d_c_c,1,,me,얼마 전에 낸 '나귀 가죽' 으로 이름을 크게 알린 작가예요. 특유의 현실적이고 풍자적인 필치로 파리를 그대로 그려내죠.,
scene14_d_c_c,2,mendelssohn,mendelssohn,흥미롭네요. 나중에 도서관에 가서 한 번 찾아보도록 하겠습니다. 베시에르 양께서는 보기보다 염세적인 구석이 있으시군요.,
scene14_d_c_c,3,,me,염세적이라기보다는 현실적이라고 해두죠. 세상에 대해 조금쯤 회의적인 시선을 갖는 게 나쁘다고 생각치도 않아요.,
scene14_d_c_c,4,mendelssohn,mendelssohn,조심성은 훌륭한 미덕이죠. 특히 숙녀분들께는 더욱이 말입니다.,
scene14_d_c_d,1,mendelssohn,mendelssohn,오래 살아남은 도서들에는 오래 살아남은 이유가 있는 법이죠. 하면 호메로스나 베르길리우스 등을 추천하시는 걸까요?,
scene14_d_c_d,2,,me,거기에 더해서 셰익스피어도요.,
scene14_d_c_d,3,mendelssohn,mendelssohn,요새 보기 드문 훌륭한 취향을 갖고 계시는군요. ,
scene14_d_c_d,4,,me,보아하니 멘델스존 씨도 비슷한 취향이신 모양이네요?,
scene14_d_c_d,5,mendelssohn,mendelssohn,고전이라는 기초를 튼튼하게 쌓아두지 않으면 그 위에 쌓아올린 지식은 사상누각이나 다름없을 뿐이니까요.,
scene14_d_d,1,mendelssohn,mendelssohn,그러나 멘델스존은 결국 웃음을 참지 못하고 작은 웃음소리를 내뱉고 만다.,
scene14_d_d,2,mendelssohn,mendelssohn,사실은 저도 괴테 선생님의 작품을 그리 좋아하지는 않습니다.,
scene14_d_d,3,mendelssohn,mendelssohn,그분을 인간으로서 존경하지만 그렇다고 해서 그분의 예술관에까지 동의할 필요는 없는 거겠죠.,
scene14_d_d,4,,me,인간성과 예술 작품은 별개로 보아야 한다는 입장이신 건가요?,
scene14_d_d,5,mendelssohn,mendelssohn,"아뇨, 평소에는 오히려 훌륭한 인품이 곧 훌륭한 작품으로 이어진다고 생각하는 쪽입니다.",
scene14_d_d,6,mendelssohn,mendelssohn,하지만 베시에르 양이 만일 저와 다른 생각을 갖고 계신다면 그것 또한 존중합니다.,
scene14_d_d,7,,me,확실히 흥미로운 생각이긴 하네요.,
scene14_d_d,8,me,me,그렇다면 멘델스존 씨께서도 작곡가로서 훌륭한 작품을 만들기 위해 늘 인품을 갈고닦으시겠네요?,
scene14_d_d_choice,1,mendelssohn,mendelssohn,노력하고 있습니다. 성공했는지는 별개의 문제지만요.,
scene14_d_d_a,1,mendelssohn,mendelssohn,베시에르 양의 눈에 제가 괜찮은 사람으로 비친다니 그것은 정말 다행인 일이지만요.,
scene14_d_d_a,2,,me,"어머, 저는 그저 느낀 바를 솔직하게 이야기했을 뿐인걸요. 실제로 본인이 괜찮은 사람인 걸 수도 있죠.",
scene14_d_d_a,3,mendelssohn,mendelssohn,매우 후한 평가를 내려주시는군요. 감사합니다.,
scene14_d_d_b,1,,narrator,멘델스존은 가볍게 눈을 흘기며 장난치듯 당신을 책망한다.,
scene14_d_d_b,2,mendelssohn,mendelssohn,그래도 너무 솔직하신 거 아닌가요? 초면인 상대에게 조금은 더 아부를 떠셔도 됐을 텐데 말이죠. ,
scene14_d_d_b,3,,narrator,물론 누가 들어도 기분이 상하지 않을 정도의 가벼운 놀림조였기 때문에 기분이 상하지는 않았다.,
scene14_d_d_b,4,,me,솔직함은 어떤 관계에서든 미덕이니까요.,
scene14_d_d_b,5,mendelssohn,mendelssohn,그 또한 맞는 말이네요. 할 말이 없습니다.,
scene15_d,1,,narrator,멘델스존은 예의바르게 미소지으며 부드럽게 스텝을 옮긴다.,
scene15_d,2,,narrator,"그의 걸음에는 독일인이라 하면 흔히 떠올리는 딱딱함이 없었고, 움직임은 물 흐르듯이 자연스러웠다.",
scene15_d,3,,narrator,당신도 그를 따라 반 바퀴를 돈다.,
scene15_d,4,,narrator,솜씨 좋고 날렵한 그의 움직임 덕에 사람이 구름처럼 많은 무도회장에서도 다른 사람과 부딪히지 않는다.,
scene15_d,5,mendelssohn,mendelssohn,"주최자가 바닥에 물을 좀 더 뿌려뒀어야 했는데, 먼지가 많이 이네요.",
scene15_d,6,,me,그러게요. 파이프 담배로도 이 정도 구름은 못 만들어요.,
scene15_d,7,mendelssohn,mendelssohn,실내는 덥고 건조한데 바깥은 춥다 보니 이 계절에는 많이들 무도회에서 감기에 걸려 오더군요. 베시에르 양도 몸 조심하세요.,
scene15_d,8,,me,걱정 감사합니다. 목을 따뜻하게 유지시켜줄 목도리라도 하나 떠야 할까 싶네요.,
scene15_d,9,,narrator,답을 하느라 잠시 정신이 팔려 있던 당신은 송진이 미처 발려 있지 않던 미끄러운 바닥을 밟고 균형을 잃는다.,
scene15_d,10,,narrator,멘델스존은 당신의 등을 받치고 있던 손으로 뒤로 넘어질 뻔한 당신을 받아낸다.,
scene15_d,11,,narrator,갈색 눈동자 한 쌍이 걱정과 놀람으로 커다래져 당신을 맑은 시선으로 빤히 바라보고 있었다.,
scene15_d,12,,narrator,멘델스존은 당신이 잠깐 숨을 돌릴 수 있도록 네 박자 정도를 쉰 뒤 다시 춤을 천천히 리드한다.,
scene15_d_choice,1,mendelssohn,mendelssohn,다친 곳은 없으신가요? ,
scene15_d_e,1,,narrator,멘델스존은 당신에게 친절하게 눈웃음을 짓는다.,
scene15_d_e,2,mendelssohn,mendelssohn,괜찮다고는 하셨지만 혹시 모르니 이번 곡을 마무리한 뒤 잠깐 앉아서 쉬시는 편이 좋을 것 같습니다. ,
scene15_d_e,3,,me,"네, 그렇게 하죠. 오늘따라 자꾸 발을 헛디뎌서 죄송하네요...",
scene15_d_e,4,,narrator,"당신과 멘델스존은 여행 이야기, 연극 이야기, 공통 지인의 이야기 따위를 나누며 계속해서 춤을 추었다.",
scene15_d_e,5,,narrator,"대화는 그의 춤만큼이나 막힘 없이 이어졌고, 그의 손을 잡은 채로 돌 때면 몸이 깃털보다도 가볍게 느껴졌다.",
scene15_d_a_choice,1,,narrator,"이내 음악이 천천히 잦아들고, 당신과 멘델스존은 춤을 마무리할 준비를 한다.",
scene15_d_a,1,,me,사실은 후자네요.,
scene15_d_a,2,mendelssohn,mendelssohn,정말로 솔직하시네요! 답례로 저도 솔직하게 이야기하도록 하죠. 사실 저도 베시에르 양과 춤추는 게 이렇게 즐거울 줄 몰랐습니다.,
scene15_d_a,3,,me,이제 보니 멘델스존 씨도 빈말은 참 못하는 스타일이었군요?,
scene15_d_a,4,mendelssohn,mendelssohn,빈말을 굳이 할 필요가 없는 상대 앞에서는 하지 않는 스타일인 거죠.,
scene15_d_a,5,mendelssohn,mendelssohn,"베시에르 양, 혹 또 다른 무도회에서 만나면 그때도 감히 춤을 청해도 괜찮을까요?",
scene16_d,1,,me,물론이죠. 오히려 청하지 않으신다면 그게 더 속상한 일이 될 거예요.,
scene16_d,2,mendelssohn,mendelssohn,허락 감사드립니다. ,
scene16_d,3,,narrator,"곡이 마무리되고, 박수가 터져나온다. 플로어 위의 커플은 서로 허리를 숙여 예를 표한다.",
scene16_d,4,,narrator,"멘델스존 또한 허리를 숙이고, 당신도 무릎인사로 답례한다.",
scene16_d,5,,narrator,당신은 멘델스존의 에스코트를 받아 의자가 놓여 있는 무도회장의 가장자리로 향한다.,
scene16_d,6,mendelssohn,mendelssohn,물이나 다과를 좀 가져다 드릴까요?,
scene16_d,7,,me,부탁드리지요.,
scene16_d,8,,narrator,"멘델스존은 미소를 지으며 고개를 가볍게 끄덕이고, 물과 다과를 가져오기 위해 자리를 뜬다.",
scene16_d,9,,narrator,당신은 부채질을 하며 뺨에 오른 열을 천천히 식혀 본다.,
scene16_d,10,,narrator,무도회장 저편에서 여자들에게 둘러싸인 리스트가 얼핏 보인다.,
scene16_d,11,,narrator,당신은 눈을 감고 오늘 만났던 수많은 사람들의 이름을 되새긴다.,
scene16_d,12,szymanowska,szymanowska,"에투아르. 에투아르, 얘, 벌써 자면 안 되지. 이제 열한 시가 조금 넘었는데.",
scene16_d_choice,1,szymanowska,szymanowska,춤은 잘 추고 왔니?,
scene16_d_a,1,,narrator,다음 번에도 만나면 한 곡 더 췄으면 좋겠다는 건 진심이었다. 거품처럼 가벼워져 둥둥 떠다니는 기분이었다.,
scene17_d,1,,narrator,당신의 답을 들은 시마노프스카가 고개를 천천히 끄덕인다. ,
scene17_d,2,szymanowska,szymanowska,그렇구나. 아직 자정도 안 됐으니 벌써부터 너무 힘 빼지는 말고.,
scene17_d,3,,me,당연하죠.,
scene23,1,,narrator,"두 번째 왈츠까지가 마무리되고, 갈로파드 한 차례가 지나간 뒤 저녁 정찬을 들 시간이 된다.",
scene23,2,,narrator,당신은 저녁 정찬에서 다양한 인사들과 교분을 쌓으며 즐거운 저녁 시간을 보냈다.,
scenejan_1,1,,,1832년의 새해가 밝았다.,
scenejan_1,2,,,쌀쌀한 날씨에도 불구하고 시마노프스카의 리사이틀은 대체로 성공적이었다.,
scenejan_1,3,,,시마노프스카는 루카 공연을 위한 '윌리엄 텔' 축약 리바이벌을 보러 가고 싶어했지만…,
scenejan_1,4,,,공연을 거의 해 주지 않았다. 시마노프스카는 로시니의 제자인 도니제티가 1월 12일에 새로운 공연을 올릴 거라는 걸로 위안을 삼았다.,
scenejan_1,5,,,"1832년 새해의 파리는, 광란의 '악마 로베르' 열풍이었다.",
scenejan_1,6,szymanowska,szymanowska,"아니, 말이 되니? 그게 뭐라고 다들 이렇게 미쳐 있는 거야? 우리 로시니 게 파리 극장에 안 올라오는 날이 오다니?!",
scenejan_1,7,,,당신은 속으로 '세대교체 할 때가 됐나 보죠…' 하고 중얼거렸다.,
scenejan_1,8,szymanowska,szymanowska,"난 진짜 이해가 안 간다, 얘. 뭐가 그리 대단해서 다들 악마 로베르, 로베르, 로베르 그러는지 모르겠어.",
scenejan_1,9,,me,로시니가 새 오페라 안 낸지도 2년째잖아요. 진짜 은퇴하나 보죠 뭐.,
scenejan_1,10,szymanowska,szymanowska,"아이고, 로시니가 진짜 은퇴하면 나는 이제 뭐 보고 사나… 벨리니 그 친구도 나폴리로 내려가 버렸고.",
scenejan_1,11,,me,다른 작곡가들이 좋은 곡 새로 쓰겠죠.,
scenejan_1,12,szymanowska,szymanowska,"얘, 로시니는 진짜 센세이션이었어. 그 사람은 천재라니까? 내 친구라서 그렇게 얘기하는 건 아니고.",
scenejan_1,13,szymanowska,szymanowska,"우리 에투아르는 어려서 모르겠지, 그때 로시니가 얼마나 대단했는지… 너 이유식 먹을 때 '세비야의 이발사' 가 얼마나 새로웠는지 아니?",
scenejan_1,14,,narrator,당신은 '그딴 거 알 리가 없잖아' 라고 생각한다.,
scenejan_1,15,,me,"이유식 먹을 나이는 아니었고, 영성체 받을 때쯤이었는데요…",
scenejan_1,16,szymanowska,szymanowska,그리고 그 다음 해에 '라 체네렌톨라' 는 또 어땠고! 그 사람의 오페라를 보고 나오면 얼마나 행복해지는지 알아?,
scenejan_1,17,,me,…,
scenejan_1,18,,narrator,더 이상 말해봐야 소용이 없겠다는 판단이 들어 당신은 책이나 마저 읽는다.,
scenejan_1,19,szymanowska,szymanowska,아직 로시니가 뒷방 늙은이가 될 나이는 아니잖아. 누군지 몰라도 로시니가 그 되바라진 어린 것 콧대를 짓밟아 줘야 하는데!,
scenejan_1,20,,me,작곡가 로시니랑 동갑이라던데요.,
scenejan_1,21,szymanowska,szymanowska,…,
scenejan_1,22,szymanowska,szymanowska,"그러니? 음, 그건 다행이네.",
scenejan_1,23,,narrator,시마노프스카는 그 사이 신세대들이 치고 올라오며 세대가 교체되고 있는 순간을 맞이했을지 모른다는 생각을 잠깐 한 모양이었다.,
scenejan_1,24,,me,아직 90년대생들이 사회의 주역인 것 같은데요. 안심하세요.,
scenejan_1,25,szymanowska,szymanowska,"아유, 무슨 그런 소리를 해. 이제 너희들 나이 또래 애들도 다 컸는데 자리 비켜줘야지.",
scenejan_1,26,,narrator,그녀의 활발한 투어 일정을 보면 별로 그럴 생각은 없어 보였다.,
scenejan_1,27,szymanowska,szymanowska,"그래도 궁금하기는 하네, 어떤 오페라길래 다들 그렇게 미쳐 있나 몰라.",
scenejan_1,28,szymanowska,szymanowska,"에투아르, 이모랑 한 번 보러 가 볼래?",
scenejan_1_choice,1,szymanowska,szymanowska,"네가 유행 안 타는 애인 건 알지만, 어디 가서 계속 그 오페라 이야기 나오는데 못 끼면 그렇잖아.",
scenejan_2,1,,narrator,결국 빠져나갈 구멍을 찾지 못하고 당신은 시마노프스카와 함께 오페라 극장으로 가게 된다…,
scenejan_2,2,,narrator,악마 로베르' 는 살리에리에게서 가르침을 받았다는 마이어베어라는 작곡가의 작품이었다.,
scenejan_2,3,,narrator,…솔직히 별로 관심 없었다.,
scenejan_2,4,,narrator,"오페라 코미크에서 뭐라도 공연을 하고 있었으면 시마노프스카의 주의를 돌려 볼 수도 있었으련만, 오페라 코미크는 지난 달부터 문을 열지 않고 있었다.",
scenejan_2,5,,narrator,"그래, 재미 없으면 1막만 보고 나오자… 라고 생각하며 당신은 마른세수를 했다.",
scenejan_2,6,,narrator,발 넓은 시마노프스카는 복도에서부터 끊임없는 지인들의 물결에 발길이 묶였다.,
scenejan_2,7,,narrator,살랑거리는 부채질과 샴페인 사이에서 적당히 미소를 짓고 있으니 입가가 아파왔다.,
scenejan_2,8,,narrator,시마노프스카가 자신의 앨범을 자랑하는 사이 당신은 화장을 고친다는 핑계로 슬쩍 자리를 빠져나왔다.,
scenejan_2,9,,narrator,가스등이 설치된 최신식 오페라 극장의 홀에는 사람들이 모여 있었다.,
scenejan_2,10,,narrator,"꽤 커다란 원이 형성되어 있었고, 수많은 사람들이 한 사람을 중심으로 모인 모양새였다.",
scenejan_2,11,???,???,"마이어베어 씨, 혹시 다음 작품은 구상 중인 게 있으신가요?",
scenejan_2,12,???,???,오페라 성공 정말 축하드립니다. 이제 승승장구할 일만 남으셨군요!,
scenejan_2,13,???,???,"정말이지 크흠, 그 '수녀들의 춤' 장면은… 인상깊었습니다.",
scenejan_2,14,,narrator,당신은 까치발을 들어 모두의 관심을 한 몸에 받으며 사람 좋게 서글서글 웃는 남자를 사람들 틈새로 살펴봤다.,
scenejan_2,15,,narrator,어딘지 모르게 익숙한 느낌이 드는 얼굴이었다.,
scenejan_2,16,,narrator,"왜 이렇게 익숙하지, 하고 잠시 고민하던 당신은 금세 그 이유를 찾아낸다.",
scenejan_2,17,,narrator,마이어베어의 곁에 있는 사람 때문이었다.,
scenejan_2,18,,narrator,마이어베어는 당신에게 낯익은 사내의 어깨에 팔을 올리고 웃고 있었다.,
scenejan_2,19,,narrator,"마이어베어와 비슷하면서도 분명 다른 느낌을 주는, 그리고 훨씬 젊은 남자는 멘델스존이었다.",
scenejan_2,20,,narrator,두꺼운 군중이 만든 원 너머로 멘델스존의 눈이 당신과 마주친다. ,
scenejan_2,21,,narrator,사실 멘델스존과 지금까지 아주 많은 교류를 했던 건 아니라서 확신할 수는 없었다.,
scenejan_2,22,,narrator,하지만 그의 표정은 어딘가… 미소를 짓고 있는데도 '제발 살려줘요' 라고 이야기하고 있는 것 같았다.,
scenejan_2,23,,narrator,그런데 그렇다기에는 마이어베어는 너무 순수하게 멘델스존을 아끼는 표정이고.,
scenejan_2,24,,narrator,게다가 어깨에 팔 올리고 있는 걸 보니 둘이 꽤 친한 사이인 듯했다. ,
scenejan_2_choice,1,,narrator,여기서 끼어들어야 하나?,
scenejan_3,1,,narrator,사람들 사이로 뻗어 작게 솟아 있는 당신의 장갑 낀 손을 보자마자 멘델스존의 표정이 눈에 띄게 밝아진다.,
scenejan_3,2,mendelssohn,mendelssohn,아! 베시에르 양!,
scenejan_3,3,,narrator,멘델스존은 아주 신이 난 미소를 지으며 마이어베어에게 반가운 지인을 봐서 '정말 아쉽게도' 이만 자리를 떠야겠다며 마이어베어에게 양해를 구한다.,
scenejan_3,4,,narrator,마이어베어는 다 알겠다는 듯 미소를 지으며 멘델스존의 등을 두드린다.,
scenejan_3,5,,narrator,마이어베어를 둘러싼 군중 사이를 비집고 나온 멘델스존은 진심으로 감격한 얼굴이었다.,
scenejan_3_choice,1,mendelssohn,mendelssohn,정말 오랜만이네요! 오늘도 시마노프스카 부인과 함께 오셨나요?,
scenejan_4_a,1,,narrator,그렇게 이야기하며 멘델스존은 미간을 꾹꾹 누른다.,
scenejan_4_a,2,mendelssohn,mendelssohn,오늘도 풀하우스이려나 봅니다. 분이랑 담배 냄새가 사방에서 진동하는 걸 보니까 말이죠.,
scenejan_4_a,3,,me,저도 거기에 일조한 셈이 되어 버렸네요.,
scenejan_4_a,4,mendelssohn,mendelssohn,"아니, 아… 절대 베시에르 양을 향한 비난은 아닙니다. 오해 마시기를.",
scenejan_4_a,5,,narrator,멘델스존은 관자놀이를 꾹꾹 누르며 잠깐 눈을 감았다가 뜬다.,
scenejan_4_a,6,,me,좀 사람이 없는 곳으로 갈까요? 기운이 좀 없으신가 봐요.,
scenejan_4_a,7,mendelssohn,mendelssohn,아…,
scenejan_4_a,8,,narrator,멘델스존은 잠시 고민하다가 고개를 끄덕인다.,
scenejan_4_a,9,,narrator,실례인 줄 알고 있지만 그러면 부탁드리겠습니다.,
scenejan_4_a,10,,narrator,사용인들이 드문드문 오갈 뿐인 한적한 계단에 걸터앉고서야 멘델스존의 상태가 좀 나아진 것 같았다.,
scenejan_4_a,11,,me,아까 많이 힘드셨나봐요? 저를 보고 그 정도로 신나하실 줄은 몰랐는데 말이죠.,
scenejan_4_a,12,mendelssohn,mendelssohn,"아…네. 원래 극장을 자주 찾지는 않아서요. 오랜만에 왔더니 뭐랄까, 좀 압도됐네요.",
scenejan_4_a,13,,me,그럴 수 있죠. 아까 마이어베어 씨랑 이야기 나누시던 건가요?,
scenejan_4_a_choice,1,mendelssohn,mendelssohn,"그런 셈이죠. 먼 친척이라 그런지 가끔 저를 챙겨…준달까, 그러시네요. ",
scenejan_5_a,1,,me,"엥? 어, 아뇨. 그럴 리가 없잖아요. 미묘하게 달라요. 원래 사람 얼굴이라는 건 하나만 살짝 달라도 인상이 완전 다르다고요.",
scenejan_5_a,2,,narrator,급하게 수습하듯 한 대답이었지만 웃음이 끊기지 않는 걸 보니 멘델스존은 그 대답이 마음에 꽤 든 모양이었다. ,
scenejan_5_a,3,mendelssohn,mendelssohn,구체적으로 어디가 어떻게 다른지 여쭈고 싶지만 너무 웃긴 질문이 되겠죠?,
scenejan_5_a,4,,me,이미 이 상황 자체가 웃겨요. ,
scenejan_5_a,5,,me,방금 앞에서 친척 분을 모욕했는데 별로 화를 내지 않으시네요.,
scenejan_5_a,6,mendelssohn,mendelssohn,화를 내요? 제가 왜 내겠어요. 저도 그 사람 안 좋아합니다.,
scenejan_5_a,7,mendelssohn,mendelssohn,"사람이 너무 유들유들해서 묘하게 기분이 나빠요. 줏대도 없는 게, 파리에서 나쁜 물이 든 게 분명해요.",
scenejan_5_a,8,mendelssohn,mendelssohn,물론 그 전이라고 별로 마음에 들지는 않았지만.,
scenejan_5_a,9,,me,제가 생각한 것보다 그분을 훨씬 더 싫어하시는군요.,
scenejan_5_b,1,,me,눈으로 본 게 아니니 확신해서는 안 되겠지만 아니 땐 굴뚝에 연기나지는 않겠죠.,
scenejan_5_b,2,mendelssohn,mendelssohn,그 소문을 믿나요?,
scenejan_5_b,3,,me,아직까지는요. 가만히 대화를 들어 보니까 비위를 맞추는 솜씨가 일품이라서 거북했거든요.,
scenejan_5_b,4,mendelssohn,mendelssohn,"사실 나도 그래요. 좋은 사람인지 나쁜 사람인지는 모르겠지만, 그냥… 별로 유쾌하지 않아요.",
scenejan_5_b,5,,me,좀 음흉한 것 같은 느낌도 있었고요.,
scenejan_5_b,6,mendelssohn,mendelssohn,내 말이 그 말이에요.,
scenejan_5_b,7,,me,전 가식 없는 사람이 좋아요.,
scenejan_5_b,8,mendelssohn,mendelssohn,누구랑 다르게. 그렇죠?,
scenejan_5_b,9,,me,그렇죠. 누구랑 다르게.,
scenejan_5_b,10,mendelssohn,mendelssohn,누군가의 친척 앞에서 그 친척을 욕하는 걸 보니까 베시에르 양도 어지간히 가식이 없으시네요.,
scenejan_5_b,11,,me,자기가 그 친척을 싫어한다는 사실을 드러내는 걸로 미루어 보아서 멘델스존 씨도 가식에 능하지는 못하시고요.,
scenejan_5_b,12,,narrator,당신의 말에 멘델스존은 웃음 섞인 한숨을 내쉰다.,
scenejan_5_b,13,mendelssohn,mendelssohn,역시 티가 났죠? 하아... 이런 데서 표정관리하기도 참 힘들다니까요.,
scenejan_5_b_choice,1,mendelssohn,mendelssohn,마이어베어도 악취미를 갖고 있는 게 분명해요. 내가 자기를 싫어하는 걸 뻔히 알면서 왜 저럴까요?,
scenejan_6_b,1,,narrator,멘델스존은 자리에서 일어나 코트자락을 툭툭 털며 고개를 살짝 숙인다.,
scenejan_6_b,2,mendelssohn,mendelssohn,아무튼 아까는 정말 고마웠어요. 덕분에 살았습니다.,
scenejan_6_b,3,,me,입으로만요?,
scenejan_6_b,4,,narrator,당신의 장난스러운 놀림에 멘델스존은 입을 가리고 웃는다.,
scenejan_6_b,5,mendelssohn,mendelssohn,계약서라도 써 드릴까요?,
scenejan_6_b,6,,me,됐어요. 그래도 제게 빚 한 번 지신 건 기억해 두세요.,
scenejan_6_b,7,mendelssohn,mendelssohn,물론입니다. 기꺼이 이자 높게 쳐서 갚아드리죠.,
scenejan_6_b,8,,me,좋아요. 일단은 그거면 됐어요.,
scenejan_6_b,9,,narrator,서로를 바라보던 당신과 멘델스존의 입가가 스멀스멀 올라간다.,
scenejan_6_b,10,,narrator,그리고 누가 먼저라 할 것도 없이 동시에 웃음을 터뜨린다.,
scenejan_6_b,11,,narrator,"별 것도 없는 대화였는데, 그게 참 재미있었다.",
scenejan_6_b,12,,narrator,"샴페인을 들고 계단을 내려오던 극장 직원이 의아한 눈길을 던졌지만, 당신은 알아차리지 못했다.",
scenejan_6_b,13,,narrator,"웃음꽃이 피었다' 는 말이 잘 어울릴 정도로 맑고 천진한 그의 웃음소리가 듣기 좋아서 조금 더 웃고서야,",
scenejan_6_b,14,,narrator,당신과 멘델스존의 웃음이 천천히 가라앉는다.,
scenejan_6_b,15,,narrator,멘델스존은 장갑 낀 손으로 눈가에 맺힌 눈물을 훔치며 심호흡한다.,
scenejan_6_b_choice,1,mendelssohn,mendelssohn,말재주가 좋으시네요. 어쩜 한 마디를 안 지십니까.,
scenejan_7_b,1,,me,"하기사, 그건 제 지성에 대한 모욕이 되겠죠. 잘 생각하셨어요.",
scenejan_8_b,1,,narrator,멘델스존의 눈꼬리가 부드럽게 휘어진다. 웃음을 참듯 눈가에 살짝 주름이 진다.,
scenejan_8_b,2,mendelssohn,mendelssohn,"실례되는 말이겠지만, 베시에르 양의 결점을 하나 찾은 것 같아서 기분이 좋아졌습니다.",
scenejan_8_b,3,,me,오호? 그건 뭘까요?,
scenejan_8_b,4,,narrator,멘델스존은 마치 비밀을 이야기해주듯 고개를 살짝 숙여서 소근거린다.,
scenejan_8_b_choice,1,mendelssohn,mendelssohn,겸손하지는 못하시네요.,
scenejan_9_b,1,,narrator,멘델스존은 웃음과 경외심이 반반 섞인 표정으로 당신을 바라본다.,
scenejan_9_b,2,mendelssohn,mendelssohn,아주 날카로워요. 그리고 아주 빨라요. 프랑스인답네요.,
scenejan_9_b,3,,me,"아, 칭찬으로 받아들이죠.",
scenejan_9_b,4,,narrator,당신은 치맛자락을 잡고 과장되게 정중한 무릎인사를 했다.,
scenejan_10_b,1,mendelssohn,mendelssohn,당신네 프랑스인들은 정말 말을 재미있게 하는 재주가 있어요.,
scenejan_10_b,2,,me,그리고 말싸움도 잘 하죠.,
scenejan_10_b,3,mendelssohn,mendelssohn,베시에르 양은 아마 그 중에서도 져 본 적이 없는 사람일 것 같네요.,
scenejan_10_b_choice,1,,me,통찰력이 있으시네요. 하지만 언제든 말싸움은 환영이에요. 자주 걸어 주세요.,
scenejan_11_b,1,mendelssohn,mendelssohn,그렇군요. 덕분에 새로운 시각을 얻어가네요.,
scenejan_11_b,2,,me,그렇죠? 즐거운 일이라니까요.,
scenejan_12_b,1,mendelssohn,mendelssohn,그렇게 이야기하면서도 멘델스존은 미소짓고 있었다. ,
scenejan_12_b,2,,me,진심이에요.,
scenejan_13_b,1,mendelssohn,mendelssohn,너무하세요. 성격이 나쁘시네요.,
scenejan_13_b,2,,me,딱히 그 사실을 숨긴 적은 없어요.,
scenejan_14_b,1,,narrator,그때 당신의 머릿속에 당신이 여기 오페라를 보러 온 것이었다는 생각이 스친다.,
scenejan_14_b,2,,me,"아, 오페라! 지금 몇 시죠?",
scenejan_14_b,3,,narrator,멘델스존은 안쪽 주머니에서 정교하게 제작된 브레게 회중시계를 꺼내 시간을 확인한다. ,
scenejan_14_b,4,mendelssohn,mendelssohn,일곱 시 반이 조금 넘었네요. 시작까지 20분 정도 여유가 있습니다.,
scenejan_14_b_choice,1,mendelssohn,mendelssohn,"놓친다고 크게 손해를 볼 정도로 잘 만든 오페라는 아니지만, 그래도 처음부터 보고 싶으신 거라면 슬슬 박스로 모셔다 드릴까요?",
scenejan_15_b,1,mendelssohn,mendelssohn,가실까요?,
scenejan_15_b,2,,me,기쁘게요.,
scenejan_15_b,3,,narrator,"멘델스존은 고개를 끄덕이며 미소를 짓고, 당신의 팔짱을 끼고 당신을 박스로 안내한다.",
scenejan_16_b,1,,me,내용이 상당히 마음에 들지 않으시나 보죠?,
scenejan_16_b,2,mendelssohn,mendelssohn,그런 작품을 좋아할 수야 없죠. 고결함이라고는 눈 씻고 봐도 찾아볼 수가 없거든요.,
scenejan_16_b,3,,narrator,진심으로 싫은 건지 멘델스존의 말이 빨라진다.,
scenejan_16_b,4,mendelssohn,mendelssohn,일단 주인공이 악마의 아들인 것부터가 솔직히 맘에 안 듭니다. 그런데 거기다가 수녀들이 그 주인공을 유혹하려고 춤을 춘다고요?,
scenejan_16_b,5,mendelssohn,mendelssohn,"그래요, 시궁쥐들한테 돈 좀 쥐어주고 하룻밤을 보낼 생각밖에는 없는 탐욕스러운 노신사들이야 좋아하겠죠.",
scenejan_16_b,6,mendelssohn,mendelssohn,"그런데 그게 맞는 일이냐, 이건 또 다른 문제예요. 말도 안 되는 장면들을 구겨넣어 스펙타클을 어떻게든 억지로 쥐어짜낸 거죠.",
scenejan_16_b,7,mendelssohn,mendelssohn,종교적인 테마로 위장했지만 실상은 각계각층의 욕구에 영합하기 위한 천박한 수작질밖에 안 돼요.,
scenejan_16_b,8,mendelssohn,mendelssohn,"음악은 또 어떻고요! 예, 화려한 기교가 들어 있으니 성악가들은 좋아하고 오케스트레이션이 풍성하니 독일인도 좋아하겠네요.",
scenejan_16_b,9,mendelssohn,mendelssohn,"아마 나 빼고 다 좋아할 만한 오페라일 거예요! 이, 이딴 천박하고 진실성이라고는 찾아볼 수 없는…",
scenejan_16_b,10,,narrator,멘델스존은 자신이 흥분해서 당신에게 주절거리고 있었다는 걸 깨닫고 귀가 새빨개져서 양손에 얼굴을 파묻는다.,
scenejan_16_b,11,mendelssohn,mendelssohn,"…오페라라고, 개인적으로는 그렇게 생각하고 있습니다만… 제 의견을 누군가에게 강요할 생각은 없습니다.",
scenejan_16_b_choice,1,,me,와…진짜 싫어하시네요.,
scenejan_17_b,1,,me,자연스럽게 설득이 먹히지 않을 경우를 먼저 상정하시네요.,
scenejan_17_b,2,mendelssohn,mendelssohn,듣고 보니 그렇군요… 종종 너무 구시대적인 발상이나 관념이라는 이야기를 들어서 저도 모르게 체념하고 있었나 봅니다.,
scenejan_18_b,1,,me,스스로에게 대단히 엄격한 분이셨군요.,
scenejan_18_b,2,mendelssohn,mendelssohn,엄격해지려 노력하는 것이죠. ,
scenejan_18_b,3,,me,요즘 보기 드문 유형의 인간이시네요.,
scenejan_18_b,4,mendelssohn,mendelssohn,그런 면에서 보자면 저는 이 시대에 살기에는 너무 구시대적인 사람일지도 모르겠네요.,
scenejan_19_b,1,,me,멘델스존 씨라면 절대 타협하지 않으실 것 같아서 걱정이 되지도 않아요.,
scenejan_19_b,2,mendelssohn,mendelssohn,"그건 비난인가요, 칭찬인가요?",
scenejan_19_b_choice,1,,narrator,그렇게 묻는 멘델스존은 화가 난 것 같지는 않았다.,
scenejan_20_b,1,,me,시대에 뒤떨어진다는 게 언제나 나쁜 일은 아니죠.,
scenejan_20_b,2,mendelssohn,mendelssohn,보통은 나쁜 일로 생각합니다.,
scenejan_20_b,3,,me,반드시 남들이 옳다 말한다 해서 옳은 것은 아니니까요.,
scenejan_21_b,1,,me,"친절하시네요, 이렇게 저의 의도를 선해해 주시고.",
scenejan_21_b,2,mendelssohn,mendelssohn,진실된 조언을 해주는 사람은 곁에 두어 나쁠 것이 없죠.,
scenejan_21_b,3,,me,진실된 조언을 해준다는 핑계 아래서 남들에게 상처를 주는 사람도 있는 법이니까요.,
scenejan_22_b,1,,narrator,멘델스존은 눈을 잠시 감았다가 뜬다.,
scenejan_22_b,2,mendelssohn,mendelssohn,베시에르 양의 말에는 가시가 있어요. 하지만 그 가시 너머에는 친절함이 있군요.,
scenejan_22_b_choice,1,,narrator,처음 들어보는 말이었다. 당신은 지금까지 그와 한 대화 속에서 당신의 말 속 친절함이 어디에 있는지 알 수 없었다.,
scenejan_23_b,1,,narrator,멘델스존이 살짝 눈웃음을 짓는다.,
scenejan_23_b,2,mendelssohn,mendelssohn,제 판단이 언제든지 틀릴 수도 있는 일이죠. 하지만 지금으로서는…,
scenejan_23_b,3,mendelssohn,mendelssohn,제가 보기에 베시에르 양은 겉으로 드러나는 것보다 사려 깊은 분이십니다.,
scenejan_23_b,4,,narrator,"당신은 할 말을 천천히 머릿속에서 고르지만, 위층이 소란스러워지는 소리가 들렸다.",
scenejan_23_b,5,,narrator,그 소리에 멘델스존은 다시 한 번 시계를 꺼내 시각을 확인했다. ,
scenejan_23_b,6,,narrator,시계는 오후 일곱 시 오십오 분을 가리키고 있었다.,
scenejan_23_b,7,,narrator,예상보다 빠듯한 시각에 멘델스존이 당황하며 시계를 집어넣었다.,
scenejan_23_b_choice,1,mendelssohn,mendelssohn,"이런, 베시에르 양과의 대화가 너무 즐거워서 시간 가는 줄도 몰랐네요. 붙들어 둬서 죄송합니다.",
scenejan_24_b,1,mendelssohn,mendelssohn,…정말 미안합니다.,
scenejan_24_b,2,,narrator,멘델스존은 당신을 데리고 솜씨 좋게 가장 빠른 경로를 찾아 당신을 박스석에 데려다 주었다.,
scenejan_24_b,3,,narrator,딱 오후 여덟 시였다.,
scenejan_24_b,4,,narrator,시마노프스카가 '어디서 뭘 하다 왔는지 설명하는 게 좋을 거다' 는 눈빛으로 당신과 멘델스존을 번갈아 바라보았다.,
scenejan_24_b,5,,narrator,"둘 중 누가 해명을 하기도 전에 막이 올랐고, 멘델스존은 다시 커튼을 치고서 당신을 박스석에… 심기 불편한 시마노프스카와 함께 남겨두었다.",
scenejan_24_b,6,szymanowska,szymanowska,설마 계속 둘만 있던 건 아니지?,
scenejan_24_b,7,,me,"아, 그럼요. 복도에서 수다 좀 떨다가 시간 가는 줄 몰랐을 뿐이에요.",
scenejan_24_b,8,szymanowska,szymanowska,"그러면 다행이고… 이모 놀라게 하지 좀 마렴, 응? 다음부터는 이렇게 오래 사라져 있으면 안 돼.",
scenejan_24_b,9,,narrator,당신은 고개를 끄덕이지만 이 약속을 지킬 생각은 별로 없었다.,
scenejan_24_b,10,,narrator,"시마노프스카는 더 이상의 추궁이나 훈계를 하지는 않고, 무대 위로 고개를 돌린다.",
scenejan_24_b,11,,narrator,정말이지 천만다행이라는 생각이 들었다.,
scenejan_5_c,1,,narrator,당신은 그의 얼굴에 잠깐 스쳐지나가는 불쾌함을 놓치지 않는다.,
scenejan_5_c,2,,me,어째 거북해하시는 투인데요?,
scenejan_5_c,3,mendelssohn,mendelssohn,네? 아뇨. 전혀요. 그럴 리가요.,
scenejan_5_c_choice,1,,narrator,어째 그의 강한 부정이 더 강한 긍정으로 느껴진다.,
scenejan_6_c,1,,narrator,그의 부정에 당신은 몸을 앞으로 숙여 멘델스존을 빤히 바라본다.,
scenejan_6_c,2,,narrator,정말로?' 라는 질문을 담은 당신의 눈빛에 멘델스존은 얼굴을 붉히며 시선을 피하다가 한숨을 내쉰다.,
scenejan_6_c_choice,1,mendelssohn,mendelssohn,"…그래요, 사실 마이어베어를 별로 좋아하지 않습니다. 호기심이 충족되셨나요?",
scenejan_7_c,1,,me,내용이 상당히 마음에 들지 않으시나 보죠?,
scenejan_7_c,2,mendelssohn,mendelssohn,그런 작품을 좋아할 수야 없죠. 고결함이라고는 눈 씻고 봐도 찾아볼 수가 없거든요.,
scenejan_7_c,3,,narrator,진심으로 싫은 건지 멘델스존의 말이 빨라진다.,
scenejan_7_c,4,mendelssohn,mendelssohn,일단 주인공이 악마의 아들인 것부터가 솔직히 맘에 안 듭니다. 그런데 거기다가 수녀들이 그 주인공을 유혹하려고 춤을 춘다고요?,
scenejan_7_c,5,mendelssohn,mendelssohn,"그래요, 시궁쥐들한테 돈 좀 쥐어주고 하룻밤을 보낼 생각밖에는 없는 탐욕스러운 노신사들이야 좋아하겠죠.",
scenejan_7_c,6,mendelssohn,mendelssohn,"그런데 그게 맞는 일이냐, 이건 또 다른 문제예요. 말도 안 되는 장면들을 구겨넣어 스펙타클을 어떻게든 억지로 쥐어짜낸 거죠.",
scenejan_7_c,7,mendelssohn,mendelssohn,종교적인 테마로 위장했지만 실상은 각계각층의 욕구에 영합하기 위한 천박한 수작질밖에 안 돼요.,
scenejan_7_c,8,mendelssohn,mendelssohn,"음악은 또 어떻고요! 예, 화려한 기교가 들어 있으니 성악가들은 좋아하고 오케스트레이션이 풍성하니 독일인도 좋아하겠네요.",
scenejan_7_c,9,mendelssohn,mendelssohn,"아마 나 빼고 다 좋아할 만한 오페라일 거예요! 이, 이딴 천박하고 진실성이라고는 찾아볼 수 없는…",
scenejan_7_c,10,,narrator,멘델스존은 자신이 흥분해서 당신에게 주절거리고 있었다는 걸 깨닫고 귀가 새빨개져서 양손에 얼굴을 파묻는다.,
scenejan_7_c,11,mendelssohn,mendelssohn,"…오페라라고, 개인적으로는 그렇게 생각하고 있습니다만… 제 의견을 누군가에게 강요할 생각은 없습니다.",
scenejan_7_c_choice,1,,me,와…진짜 싫어하시네요.,
scenejan_8_c,1,,me,자연스럽게 설득이 먹히지 않을 경우를 먼저 상정하시네요.,
scenejan_8_c,2,mendelssohn,mendelssohn,듣고 보니 그렇군요… 종종 너무 구시대적인 발상이나 관념이라는 이야기를 들어서 저도 모르게 체념하고 있었나 봅니다.,
scenejan_9_c,1,,me,스스로에게 대단히 엄격한 분이셨군요.,
scenejan_9_c,2,mendelssohn,mendelssohn,엄격해지려 노력하는 것이죠. ,
scenejan_9_c,3,,me,요즘 보기 드문 유형의 인간이시네요.,
scenejan_9_c,4,mendelssohn,mendelssohn,그런 면에서 보자면 저는 이 시대에 살기에는 너무 구시대적인 사람일지도 모르겠네요.,
scenejan_10_c,1,,me,멘델스존 씨라면 절대 타협하지 않으실 것 같아서 걱정이 되지도 않아요.,
scenejan_10_c,2,mendelssohn,mendelssohn,"그건 비난인가요, 칭찬인가요?",
scenejan_10_c_choice,1,,narrator,그렇게 묻는 멘델스존은 화가 난 것 같지는 않았다.,
scenejan_11_c,1,,me,시대에 뒤떨어진다는 게 언제나 나쁜 일은 아니죠.,
scenejan_11_c,2,mendelssohn,mendelssohn,보통은 나쁜 일로 생각합니다.,
scenejan_11_c,3,,me,반드시 남들이 옳다 말한다 해서 옳은 것은 아니니까요.,
scenejan_12_c,1,,me,"친절하시네요, 이렇게 저의 의도를 선해해 주시고.",
scenejan_12_c,2,mendelssohn,mendelssohn,진실된 조언을 해주는 사람은 곁에 두어 나쁠 것이 없죠.,
scenejan_12_c,3,,me,진실된 조언을 해준다는 핑계 아래서 남들에게 상처를 주는 사람도 있는 법이니까요.,
scenejan_13_c,1,,narrator,멘델스존은 눈을 잠시 감았다가 뜬다.,
scenejan_13_c,2,mendelssohn,mendelssohn,베시에르 양의 말에는 가시가 있어요. 하지만 그 가시 너머에는 친절함이 있군요.,
scenejan_13_c_choice,1,,narrator,처음 들어보는 말이었다. 당신은 지금까지 그와 한 대화 속에서 당신의 말 속 친절함이 어디에 있는지 알 수 없었다.,
scenejan_14_c,1,,narrator,멘델스존이 살짝 눈웃음을 짓는다.,
scenejan_14_c,2,mendelssohn,mendelssohn,제 판단이 언제든지 틀릴 수도 있는 일이죠. 하지만 지금으로서는…,
scenejan_14_c,3,mendelssohn,mendelssohn,제가 보기에 베시에르 양은 겉으로 드러나는 것보다 사려 깊은 분이십니다.,
scenejan_14_c,4,,narrator,"당신은 할 말을 천천히 머릿속에서 고르지만, 위층이 소란스러워지는 소리가 들렸다.",
scenejan_14_c,5,,narrator,그 소리에 멘델스존은 시계를 꺼내 시각을 확인했다. ,
scenejan_14_c,6,,narrator,시계는 오후 일곱 시 반을 가리키고 있었다.,
scenejan_14_c,7,mendelssohn,mendelssohn,슬슬 모셔다 드리겠습니다. 가실까요?,
scenejan_14_c_choice,1,,narrator,당신은 멘델스존이 내민 팔을 바라본다.,
scenejan_15_c,1,,narrator,당신은 아쉬운 마음으로 납득했다.,
scenejan_15_c,1,,me,그러면 어쩔 수 없죠.,
scenejan_16_c,1,,narrator,"멘델스존은 고개를 끄덕이며 미소를 짓고, 당신의 팔짱을 끼고 당신을 박스로 안내한다.",
scenejan_5_d,1,,me,"네에?! 아니, 친척이니까 닮은 게 당연하잖아요! 갑자기 무슨 소리를!",
scenejan_5_d,2,mendelssohn,mendelssohn,지긋지긋해서 안 되겠습니다! 그 다 늙은 아저씨랑 저를 비교하시다니…,
scenejan_5_d,3,mendelssohn,mendelssohn,아예 동방 수도승처럼 머리를 빡빡 밀어버려야겠네요! 그러면 헷갈리지는 않으시겠죠!,
scenejan_5_d,4,,narrator,"그러더니 멘델스존은 뭐가 그리 화가 났는지, 붉으락푸르락해진 얼굴로 씩씩거리며 당신을 복도에 내버려 두고 가버렸다…",
scenejan_5_d,5,,me,…왜 저래.,
scenejan_5_d,6,,narrator,당신은 어이없어하며 자리를 떴다. 물에 빠진 사람 구해줬더니 보따리 내놓으라 한다는 게 이럴 때 쓰는 말인가.,
scenejan_4_b,1,,narrator,당신은 적당히 지인들과 수다를 떨며 인사를 나누다가 일곱 시 삼십오 분 쯤 박스석으로 향한다.,
scenejan_6_d,1,szymanowska,szymanowska,왔니?,
scenejan_6_d,2,szymanowska,szymanowska,"밖에서 샴페인이라도 한 잔 갖고 오지 그러니, 아직 시작까지 시간 조금 있는데.",
scenejan_6_d,3,,me,"아뇨, 괜찮아요. 오페라는 집중해서 보는 걸 좋아하는 편이라서요.",
scenejan_6_d,4,szymanowska,szymanowska,너도 참 신기한 애야.,
scenejan_6_d,5,,narrator,당신은 오페라 글라스를 들고 무대 장치를 살펴보았다. 바닥에 설치된 트랩도어가 보였다.,
scenejan_6_d,6,,narrator,그러니까 테너 누리가 저기에 잘못 빠졌었다는 거지. 그런 웃기는 광경을 연출하고도 이 정도 대성공을 거둔 오페라라.,
scenejan_6_d,7,,narrator,확실히 지베르니의 극장에서는 보기 힘들던 가스등도 신기했다. 1822년 설치됐다는 가스등을 이보다 더 적극적으로 쓰는 극장이 있을까.,
scenejan_6_d,8,,narrator,무대를 실컷 구경하고 나서야 당신은 관객석의 사람들을 훑어본다.,
scenejan_6_d,9,,narrator,화려한 옷으로 치장한 귀부인들과 그런 귀부인들을 받쳐주려는 듯 칙칙하게 입은 남성들이 한가득이었다.,
scenejan_6_d_choice,1,,narrator,객석은 소란스러웠다. 아마 무대가 시작되어도 계속 소란스러울 것이다.,
scenejan_7_d,1,,narrator,"당신은 눈으로 젊은 여자와 늙은 남자, 반대로 나이 든 여자와 젊은 남자들의 조합을 찾아보았다. 확실히 많지는 않았다. ",
scenejan_7_d,2,,narrator,"재미있는 치정극이라도 펼쳐지기를 기대했던 당신에게는 아쉬운 일이었다. 그 때,",
scenejan_8_d,1,,narrator,"두세개 정도 옆의 박스석에서 익숙한 금발이 보였다. 리스트였다. 당신은 반가운 마음에 그를 불러 볼까 고민하지만, 그만둔다.",
scenejan_8_d,2,,narrator,삼십 대 중반 정도 되어 보이는 귀부인과 친근한 인사를 나누고 있어 방해하는 것이 그닥 좋은 아이디어로 느껴지지 않았다.,
scenejan_8_d_choice,1,szymanowska,szymanowska,"어머, 라프뤼나데드 백작부인은 아직도 리스트랑 사귀나 보네?",
scenejan_9_d,1,szymanowska,szymanowska,지난 겨울쯤에 둘이 사귄다는 얘기가 암암리에 돌았거든. 비밀스런 별장에서 밀회를 했다나 뭐라나.,
scenejan_9_d,2,szymanowska,szymanowska,파리로 돌아와서 헤어졌나 싶었는데 그런 것도 아닌가 봐. ,
scenejan_9_d,3,,me,그렇군요…,
scenejan_9_d,4,szymanowska,szymanowska,"결혼생활이 별로면 나처럼 이혼을 해 버리지, 그러지도 못하고 있는 거 보면 불쌍해.",
scenejan_9_d,5,,me,보통은 이모처럼 못 해요…,
scenejan_9_d,6,szymanowska,szymanowska,그래? 내가 보기에는 에투아르도 가차없이 이혼해 버릴 것 같은데.,
scenejan_9_d_choice,1,,narrator,그런가. 당신은 라프뤼나데드 백작부인의 박스석으로부터 고개를 돌린다.,
scenejan_4,1,,narrator,그런 당신의 생각을 뒤로하고 공연이 시작됐다.,
scenejan_4,2,,narrator,그래… 맛깔나는 자극적인 소재랑 소재는 다 때려넣은 오페라였다.,
scenejan_4,3,,narrator,네 약혼녀가 예쁠 테니까 나한테 좀 빌려줘라' 라고 하는 탕아.,
scenejan_4,4,,narrator,친구의 약혼녀가 자기랑 의남매라는 걸 첫눈에 알아보고.,
scenejan_4,5,,narrator,"거기에 주인공은 악마의 아들이라, 출생의 비밀까지..",
scenejan_4,6,,narrator,아름다운 여인을 차지하기 위한 마상시합 출전계획과 전형적인 기사도…,
scenejan_4,7,,narrator,당연히 극에 집중하는 사람이 더 적었다.,
scenejan_4,8,,narrator,"소란이 잦아들었던 건 글쎄다, 2막 발레 장면 때 정도였을까. 나이 지긋한 남자들이 일제히 오페라 글라스를 집어들었기 때문이었다.",
scenejan_4,9,,narrator,이 가운데 얼마나 많은 사람들이 공연을 제대로 봤을까?,
scenejan_4,10,,narrator,"조금은 회의적인 생각에 잠겨 있던 그때, 누군가가 밖에서 소리를 낸다.",
scenejan_4,11,???,???,똑똑.,
scenejan_4,12,szymanowska,szymanowska,무례한 친구네.,
scenejan_4,13,,narrator,"시마노프스카는 그렇게 이야기하면서도 '네, 들어오세요' 라고 말한다.",
scenejan_4_choice,1,liszt,liszt,"또 뵙습니다, 시마노프스카 부인, 베시에르 양.",
scenejan_5_e,1,liszt,liszt,나름의 매너를 챙겼습니다.,
scenejan_5_f,1,szymanowska,szymanowska,"글쎄, 나도 예술을 합니다만 듣도 보도 못한 예의네요.",
scenejan_6,1,liszt,liszt,벼랑 끝에서 살아가는 사람들 특유의 매너라고 해두죠.,
scenejan_6_choice,1,,narrator,벼랑 끝에서' 라. 흔하게 통용되는 숙어였지만 묘한 감상을 불러일으켰다.,
scenejan_7,1,,narrator,당신의 옹호랄지 체념일지 모르겠는 말에 시마노프스카는 한숨을 내쉬었다.,
scenejan_7,2,,narrator,"리스트는 시마노프스카의 동향 청년이 잠깐 비운 자리를 보고, 자연스레 다리를 꼬고 앉는다.",
scenejan_7,3,liszt,liszt,"실례가 안 된다면, 한 대만 피우겠습니다.",
scenejan_7_choice,1,,narrator,그러면서 리스트는 가슴팍 주머니에서 시가와 시가 커터를 꺼냈다.,
scenejan_8_choice,1,liszt,liszt,"오, 평소에 시가 좀 잘라보셨나 봅니다?",
scenejan_9,1,,narrator,당신은 떨리는 손으로 시가를 잘랐다.,
scenejan_9,2,,narrator,리스트는 그 단면을 보고 폭소했다.,
scenejan_9,3,liszt,liszt,"이거이거, 연습 좀 하셔야겠어요.",
scenejan_9,4,,narrator,"그러더니 잘못 자른 시가를 집어넣고, 다시 시가 한 대를 더 꺼내 직접 제대로 잘라 불을 붙였다.",
scenejan_10,1,,narrator,"당신은 시가를 잘랐다. 리스트는 깔끔한 단면을 보고 만족스럽다는 듯 턱을 슥 만진 뒤, 몸을 숙여 물고 있는 시가에 불을 붙인다.",
scenejan_11,1,,narrator,리스트가 폭소했다. ,
scenejan_11,2,liszt,liszt,"이거 이거, 보기보다 대담한 레이디셨군요. 알고 계셨나요, 부인?",
scenejan_11,3,,narrator,시마노프스카는 얼굴이 하얗게 질려 당신을 바라보고 있다.,
scenejan_12,1,liszt,liszt,음? 레이디에게는 좀 독할 텐데요.,
scenejan_12_choice,1,szymanowska,szymanowska,"에투아르, 너 지금 무슨 소리를… 너 언제부터 담배 피웠니?!",
scenejan_13,1,liszt,liszt,"이런, 그러면 좀 곤란합니다. 초심자에게 적절한 브랜드가 아니라서요. 나중에 추천해 드리죠.",
scenejan_13,2,szymanowska,szymanowska,"리스트 씨, 무슨 소리를 하시는 거예요. 숙녀가 무슨 담배를 피워요?!",
scenejan_13,3,liszt,liszt,제가 아는 레이디들 중에는 꽤 피우던데요.,
scenejan_13,4,,me,그렇대요.,
scenejan_13,5,,narrator,시마노프스카는 진심으로 '리스트는 정말 이 아이에게 백해무익하구나' 하는 표정을 지었다.,
scenejan_13,6,liszt,liszt,"하하, 안심하세요, 부인. 지금은 에투아르 씨께 권할 생각이 없습니다.",
scenejan_13,7,,me,쓸데없이 사려깊으시네요.,
scenejan_13,8,liszt,liszt,"사려깊다기보다는, 시마노프스카 부인의 분노를 사고 싶지 않아서요.",
scenejan_13,9,,narrator,시마노프스카가 헛기침을 하며 주의를 전환했다.,
scenejan_14,1,,narrator,시마노프스카가 이마를 짚고 의자 등받이에 기댄다.,
scenejan_14,2,szymanowska,szymanowska,"리스트 씨, 스멜링 솔트 좀 부탁해요. 내가 지금 무슨 소리를 들은 건지…",
scenejan_14,3,,narrator,리스트는 시마노프스카의 레티큘을 뒤져 스멜링 솔트를 꺼내 시마노프스카의 코에 댄다.,
scenejan_14,4,,narrator,십몇 초 뒤 시마노프스카가 자세를 고쳐 앉는다.,
scenejan_14,5,szymanowska,szymanowska,숙녀로서 아주 부적절한 행동이니 담배는 끊도록 하렴.,
scenejan_14,6,liszt,liszt,"이런, 베시에르 양. 레이디가 되어서 담배를 오래오래 피우고 싶으셨다면 거짓말을 하셨어야죠.",
scenejan_14,7,,me,거짓말을 잘 못 하는 편이라서요….,
scenejan_14,8,,narrator,당신은 약간 시무룩해졌다.,
scenejan_14,9,,narrator,시마노프스카가 헛기침을 하며 주의를 전환했다.,
scenejan_15,1,szymanowska,szymanowska,설마 담뱃불이나 붙이려고 온 건 아니겠죠. 인사 말고 더 할 말이 있으리라 믿어요.,
scenejan_15,2,liszt,liszt,물론입니다. 러시아의 궁정 피아니스트와 그 피후견인께서 이 오페라를 어떻게 보셨는지가 궁금해서 왔죠.,
scenejan_15,3,liszt,liszt,"어찌 보면 부인과 저는 같은 시장을 두고 경쟁하고 있으니, 라이벌의 스타일을 알아 둬서 나쁠 것 없지 않겠습니까.",
scenejan_15,4,,narrator,리스트는 담배 한 모금을 훅 빨아들이고 무대 쪽을 바라보며 연기를 뱉었다.,
scenejan_15,5,szymanowska,szymanowska,불행히도 제 취향에는 맞지 않네요. 음악이란 본디 달콤하고 아름다운 선율이 우선 아니겠습니까.,
scenejan_15,6,,narrator,리스트는 미묘한 미소를 지으며 천천히 고개를 끄덕였다. 그러고는 당신 쪽으로 몸을 기울였다.,
scenejan_15_choice,1,liszt,liszt,그러면 저와 동년배이신 베시에르 양께서는 어떻게 생각하시나요?,
scenejan_16,1,liszt,liszt,매력적이었죠. 그러면서도 다모로 부인의 목소리를 묻어버리지 않는 것도 놀라웠습니다.,
scenejan_16,2,szymanowska,szymanowska,그 점은 칭찬할 만했죠. 전혀 익숙하지 않은 장르인데도 다모로 부인은 배역을 훌륭하게 소화해 냈으니까요.,
scenejan_16,3,szymanowska,szymanowska,"그래도 역시 다모로 부인, 하면 나는 '빌헬름 텔' 쪽이 먼저 떠오르겠지만.",
scenejan_16,4,,me,이모는 로시니를 좋아하세요.,
scenejan_16,5,liszt,liszt,"로시니라… 로시니, 그렇군요.",
scenejan_16,6,liszt,liszt,로시니의 취향은 칭찬받아 마땅해요. 이탈리아 작곡가들 가운데 문학에 관심을 보이는 몇 안 되는 작곡가니까요.,
scenejan_16,7,,narrator,시마노프스카가 열렬히 고개를 끄덕였다.,
scenejan_16,8,liszt,liszt,"재능도 뛰어났죠. 그런데 그 재능을 대중의 취향에 영합하는 데 써버리다니, 안타까운 일이기 그지없습니다.",
scenejan_17,1,szymanowska,szymanowska,확실히 그렇지. 로시니는 '라 체네렌톨라' 에서도 마법 같은 비현실적인 소재는 최소화했거든.,
scenejan_17,2,szymanowska,szymanowska,4월의 꿀벌과 같이' 가 정말 대단했는데. 베니스의 목소리가 그 오페라 전체에서 가장 마법같은 부분이었을 거야. ,
scenejan_17,3,,narrator,리스트는 시마노프스카의 말을 무시하고 당신과의 대화를 이어갔다.,
scenejan_17,4,liszt,liszt,의외의 의견이네요. 하지만 인간의 삶에는 현실 그 너머의 무엇인가가 있지 않겠습니까?,
scenejan_17,5,,me,"글쎄요, 결국 현실 너머의 무엇이 있다 해도 현실보다 중요한 건 없죠.",
scenejan_17,6,liszt,liszt,"그 말은 인간의 의지를 다소 먹고, 자는 기본적인 욕구로 환원하는 것처럼 보이는군요.",
scenejan_17,7,liszt,liszt,로시니의 은퇴 선언은 그런 면에서 참 안타까운 일입니다. 그런 재능을 가진 사람이 미식을 탐닉한다니요.,
scenejan_18,1,liszt,liszt,"아아, 그런가요? 저랑은 다른 의견이셨네요. 이거 아쉽게 됐습니다.",
scenejan_18,2,liszt,liszt,"요즘 사교계에 나가셔서 그렇게 말했다가는 돌을 맞을지도 몰라요. 시마노프스카 부인, 피후견인을 잘 살피셔야겠습니다.",
scenejan_19,1,,narrator,시마노프스카의 눈총을 받고 리스트는 황급하게 말을 수습하며 두 손을 항복의 뜻으로 들어올린다.,
scenejan_19_choice,1,liszt,liszt,물론 시마노프스카 부인의 취향에 대한 비난은 절대 아닙니다.,
scenejan_20,1,,narrator,당신은 마른세수를 하며 조용히 의견을 피력했다.,
scenejan_20,2,szymanowska,szymanowska,"얘, 너는 로시니라면 다 덮어놓고 싫어하잖니. 들어 보고 얘기를 하라니까.",
scenejan_20,3,,me,길거리에서 귀가 닳아라 질리도록 들어요. 토 나온다니까요.,
scenejan_20,4,,narrator,당신의 말에 리스트는 호탕하게 웃음을 터뜨린다.,
scenejan_20,5,liszt,liszt,"와하하, 아니, 시마노프스카 부인. 피후견인을 정말 재미있게 기르셨네요.",
scenejan_20,6,liszt,liszt,빈 사교계에서는 물어뜯기고 파리 사교계에서는 추앙받겠어요.,
scenejan_21,1,,narrator,시마노프스카가 피곤하게 웃었다.,
scenejan_21,2,szymanowska,szymanowska,이 망아지 같은 애를 어떻게 길들여 보려고 하는데 잘 안 되네요.,
scenejan_21,3,liszt,liszt,"하하, 오히려 그 다듬어지지 않은 느낌이 매력적인데요.",
scenejan_21_choice,1,,narrator,그러면서 리스트는 시마노프스카가 보지 못하게 고개를 살짝 돌려 당신 방향으로 윙크했다.,
scenejan_22,1,,me,"백 명의 사람이 있으면 백 명 분의 의견이 있는데, 싸움으로 시간을 허비하는 건 무익한 일 아니겠어요.",
scenejan_22_choice,1,liszt,liszt,실로 솔로몬같은 말씀을 하시네요. 이번 카니발에는 포셔로 차려입어도 좋으시겠습니다.,
scenejan_23,1,,narrator,당신의 말을 듣고 리스트는 미소지었다. ,
scenejan_23,2,liszt,liszt,문학에도 조예가 깊으시네요.,
scenejan_23,3,,me,깊다고까지는 못합니다. 다만 좋아하는 작가의 것을 여러 번 반복해 읽을 뿐이죠.,
scenejan_23,4,liszt,liszt,시마노프스카 부인께서 너무 반대하지 않으신다면 언젠가 베시에르 양과 문학에 대해서 더 많은 이야기를 나누어 보고 싶군요.,
scenejan_23,5,liszt,liszt,"비록 제가 음악원이나 학교를 오래 다니지는 못했지만, 나름대로 열정적으로 읽었노라고는 자부합니다.",
scenejan_23,6,,narrator,"시마노프스카는 '저 여우같은 놈을 들여놓아서는 안 된다' 고 생각하는 것 같았지만, 마땅히 거절할 명분이 없었다.",
scenejan_23,7,szymanowska,szymanowska,내 감독 아래서라면 허락하지요.,
scenejan_23,8,liszt,liszt,"역시 아름다우신 만큼 마음도 넓으십니다, 부인.",
scenejan_23,9,,narrator,리스트는 시마노프스카의 손등에 경의의 뜻으로 입을 맞추었다.,
scenejan_23,10,,narrator,"입맞춤을 받고서 시마노프스카가 부채를 짜악, 소리와 함께 접는다.",
scenejan_23,11,szymanowska,szymanowska,"즐거웠습니다만, 리스트 씨, 이대로는 나와 내 피후견인이 리스트 씨를 편애한다는 우려를 살까 두렵군요.",
scenejan_24,1,,me,아무 짓 안 했어요.,
scenejan_24,2,szymanowska,szymanowska,다 봤다.,
scenejan_24,3,,narrator,당신은 멋쩍게 미소짓는다.,
scenejan_25,1,szymanowska,szymanowska,아주 둘이서 손을 잡고 나를 협공하는군요. 내 후견인에게 이리 배신당할 줄은 몰랐네.,
scenejan_25,2,liszt,liszt,"어쩔 수 없는 일 아니겠습니까, 알을 깨고 나오는 새를 평생 품어 줄 수만은 없는 노릇이니까요.",
scenejan_25,3,liszt,liszt,새롭고 매혹적인 것에 끌리는 건 모든 젊은이들의 본성일 겁니다.,
scenejan_25,4,,narrator,그렇게 말하는 리스트는 당신을 지그시 바라보고 있었다.,
scenejan_25,5,,narrator,그의 뜨거운 시선은 명백히 흥미를 담고 있었다.,
scenejan_25,6,,narrator,"마치 당신이, 그리고 자기가 그 '새롭고 매혹적인 것' 아니겠냐 말하듯이.",
scenejan_25_choice,1,,narrator,당신은…,
scenejan_26,1,,me,반드시 그렇지는 않아요. 때로 새로운 것은 얄팍한 눈속임에 지나지 않고 진정한 가치는 고전에 숨어 있기도 하니까요.,
scenejan_26,2,,narrator,리스트가 한쪽 눈썹을 치켜올린다. 당신은 묘한 위협을 느끼고 침을 꿀꺽 삼킨다.,
scenejan_26,3,,me,"고전에는 고전에서 배워야 하는 아름다움과 멋이 있고, 반드시 그것들을 버리면서 새로워져야 할 이유는 없죠.",
scenejan_26,4,liszt,liszt,흥미로운 생각을 갖고 계시네요.,
scenejan_26,5,,narrator,"리스트는 눈웃음을 치며 팔걸이에 팔을 걸치지만, 다시 뜬 그의 눈은 웃고 있지 않았다.",
scenejan_26,6,liszt,liszt,제가 아는 '어떤 사람' 의 의견이랑 무척 닮았어요.,
scenejan_26,7,,me,신기한 일이네요. 소개라도 시켜주시겠어요?,
scenejan_26_choice,1,liszt,liszt,"하하, 그건 좀 싫네요. 그러다가 에투아르 씨를 빼앗길지도 몰라서요.",
scenejan_27,1,,narrator,시마노프스카가 경고하듯 착 가라앉은 목소리로 말했다.,
scenejan_27,2,,narrator,당신과 리스트는 멋쩍어하며 혼이 난 아이들처럼 시마노프스카를 얌전하게 바라본다.,
scenejan_27,3,,narrator,당신은 멋쩍어하며 혼이 난 아이처럼 시마노프스카를 얌전하게 바라본다.,
scenejan_27,4,,narrator,시마노프스카는 무표정하게 고개를 잠깐 숙였다가 든다.,
scenejan_27,5,szymanowska,szymanowska,"즐거웠습니다만, 리스트 씨, 이대로는 나와 내 피후견인이 리스트 씨를 편애한다는 우려를 살까 두렵군요.",
scenejan_28,1,,me,그렇게 새로운 것을 추구하며 발전하려는 건 인간의 본성이니 어쩔 수 없겠죠.,
scenejan_28,2,,me,암보 연주를 선보이며 이모가 피아니스트들에게 새로운 경쟁의 불꽃을 붙였듯 말이죠.,
scenejan_28,3,liszt,liszt,"하하, 그렇죠. 선구자들이란 참으로 위대한 존재 아닙니까.",
scenejan_28,4,,narrator,"시마노프스카는 얼굴을 굳히고 있으려고 애쓰지만, 리스트의 말에 자부심으로 빛나는 얼굴을 숨길 수는 없었다.",
scenejan_28,5,szymanowska,szymanowska,"약간의 아부로 환심을 살 수 있을 것이라 기대하지 마세요, 리스트 씨.",
scenejan_28,6,liszt,liszt,이건 아부가 아니라 진심이랍니다.,
scenejan_28,7,liszt,liszt,선구자의 길이란 늘 외로운 법 아니겠습니까. 전 모든 선구자들을 존경합니다.,
scenejan_28,8,,narrator,그렇다면 리스트는 마이어베어 또한 존경하려나. 당신의 머릿속에 그런 생각이 스쳤다.,
scenejan_28,9,szymanowska,szymanowska,그런가요. 리스트 씨 또한 본인의 분야에서 놀라운 선구자가 되시리라 축복해드리겠습니다.,
scenejan_28,10,szymanowska,szymanowska,하지만 선구자들도 지켜야 하는 사회의 규범이라는 것이 있는 법이죠.,
scenejan_29,1,,narrator,시마노프스카는 눈짓으로 박스 커튼 앞에서 줄을 서 기다리고 있는 명사들을 가리켰다.,
scenejan_29,2,,narrator,리스트는 시마노프스카의 말에 예상했다는 듯 사람을 홀릴 것처럼 눈웃음을 지으며 자리에서 일어났다.,
scenejan_29,3,liszt,liszt,"용서해 주시기를, 두 분과 대화하는 것이 너무 즐거워 그만 시간의 흐름조차 잊어버렸습니다.",
scenejan_29,4,szymanowska,szymanowska,마찬가지입니다.,
scenejan_29,5,,me,다음 번에 또 이야기 마저 나누죠.,
scenejan_29,6,,narrator,"리스트는 고개를 까딱하고 몸을 돌려 나가다가, 멈추어 서 당신에게 귓속말한다.",
scenejan_29,7,liszt,liszt,그 다음번에는 당신의 깐깐한 샤프롱 없이 둘이서 이야기 나눌 수 있으면 좋겠네요.,
scenejan_29,8,,narrator,그런 폭탄같은 말을 던져두고 리스트는 박스를 떠났다. ,
scenejan_30,1,,narrator,"박스에 찾아온 사람들을 시마노프스카가 응대하기만 했을 뿐인데, 금세 시간이 흘러 3막을 시작할 시간이었다.",
scenejan_30,2,,narrator,"불이 꺼지고 커튼이 내려왔을 때, 시마노프스카가 부채로 입을 가리고 당신에게 속삭인다.",
scenejan_30_choice,1,szymanowska,szymanowska,아까 리스트 씨가 뭐라던?,
scenejan_31,1,,narrator,시마노프스카는 한숨을 쉬며 작게 속삭인다.,
scenejan_31,2,szymanowska,szymanowska,그런 남자는 조심해야 해. 매력적인 남자들은 독을 품은 사과와도 같아.,
scenejan_31,3,szymanowska,szymanowska,잠깐 너에게 흥미를 보인다고 해서 푹 빠져버리지 않게 조심해야 한단다…,
scenejan_31,4,,narrator,시마노프스카의 말은 어쩐지 경험에서 우러나온 말인 것 같았다.,
scenejan_31,5,,narrator,차마 그런 걱정에 대고 가볍게 말할 수는 없을 것 같아서 당신은 고개를 천천히 끄덕였다.,
scenejan_32,1,,narrator,공연은 3막으로 넘어갔다.,
scenejan_32,2,,narrator,사람들의 소란이 잦아들었다. 3막 2장에서 나올 수녀들의 춤을 기대하고 있는 것이 분명했다.,
scenejan_32,3,,narrator,바위산에서 펼쳐지는 알리스의 이야기는 가련하기 그지없었다.,
scenejan_32,4,,narrator,베르트람의 악이 정말이지 강조되어 보이는 부분이었다.,
scenejan_32,5,,narrator,하지만 3막 1장의 바위산은 사람들이 기다리고 있는 것이 아니었다.,
scenejan_32,6,,narrator,"3막 1장이 마무리되고, 장면이 전환된다. ",
scenejan_32,7,,narrator,"암전이 되고, 몇 분이 지났는데도 불이 다시 켜지지 않았다. 무슨 일인가 의아해하고 있을 때,",
scenejan_32,8,,narrator,기술적 문제로 장면 전환에 시간이 오래 걸린다는 점을 극장주가 나와서 설명했다.,
scenejan_32,9,,narrator,"객석은 순식간에 다시 소란스러워졌고, 박스석의 사람들이 수십 가지 주제로 동시에 떠들기 시작했다.",
scenejan_32,10,,narrator,당신은 팔짱을 끼고 난간에 기대 몸을 숙인다.,
scenejan_32,11,,narrator,군데군데 명사들의 얼굴이 보인다. 알렉산드르 뒤마와 빅토르 위고가 얼핏 보였다.,
scenejan_32,12,,narrator,"고티에와 하이네는 박스석에서 열띤 토론을 벌이고 있었고, 작년에 뒤드방 남작을 버리고 떠났다는 뒤드방 남작부인의 모습도 얼핏 보였다.",
scenejan_32,13,,narrator,"얼핏 듣기로는 무슨 작가와 밀회를 즐긴다 했는데, 그녀의 오페라 글라스가 향하고 있는 방향에 있는 사람은 아무리 봐도 작가로 보이지는 않았다.",
scenejan_32_choice,1,,narrator,당신은 시마노프스카를 힐긋 바라본다. 즐겁게 수다를 떨며 샴페인 잔을 부딪히는 그녀의 모습은 꽤 행복해 보였다.,
scenejan_33,1,,narrator,뒷자리에 앉아 있던 시마노프스카의 동향 지인이라는 폴란드 청년이 마이어베어는 이제 불멸의 음악가가 됐다며 시마노프스카와 이야기를 주고받았다.,
scenejan_33,2,,narrator,"그 청년은 샴페인 글라스를 입가에만 댔다가, 잔을 내리고 잠시 주위를 둘러봤다.",
scenejan_33,3,,narrator,"그러더니, 당신에게 귓속말로 속삭였다.",
scenejan_33,4,,narrator,"당신에게로 향한 시선이 있는 것 같은데요', 라고.",
scenejan_33,5,,narrator,"당신은 그 말에 오페라 글라스를 들어, 수많은 귀족들과 명사들을 두고서 당신에게 향한 시선이 누구의 것인지 좇았다.",
scenejan_33,6,,narrator,"당신의 박스석으로부터 한 층 위, 왼쪽으로 대략 열 칸 정도 떨어진 박스석에 당신의 시선이 머물렀다.",
scenejan_33,7,,narrator,오페라 글라스 너머로 보이는 얼굴은 금발의 미남의 것이었다.,
scenejan_33,8,,narrator,리스트는 당신과 눈이 마주쳤다는 것을 알아차리고서는 오페라 글라스를 천천히 내렸다.,
scenejan_33_choice,1,,narrator,"승냥이처럼 느긋한 미소는 '자, 감상하고 싶은 만큼 감상해요.' 라고 말하는 듯했다.",
scenejan_34,1,,narrator,리스트는 당신의 노골적이고 대담한 시선에 약간 놀랐는지 눈썹 한쪽을 치켜떴다.,
scenejan_34,2,,narrator,"하지만 그 놀람의 표정은 오래가지 않았고, 그는 당신이 있는 방향으로 몸을 기울이며 턱을 괬다.",
scenejan_34,3,,narrator,나른한 눈꼬리가 우아하게 휘어지며 눈밑의 살이 밀려올라갔다.,
scenejan_34,4,,narrator,짖궂은 웃음을 지으며 리스트는 이로 장갑 끄트머리를 살짝 물었다.,
scenejan_34,5,,narrator,"교양 있는 제스처라고는 절대 말할 수 없지만, 동시에 그 자리의 그 어떤 여성도 비난하지 않을 제스처였다.",
scenejan_34,6,,narrator,그 악동같은 표정은 절대 미워할 수 없는 가벼움으로 반짝반짝 빛났다.,
scenejan_34,7,,narrator,자신감. 그의 눈에서는 모종의 확신이 묻어났다.,
scenejan_34,8,,narrator,"그건 지금 자신이 어느 귀족 부인의 박스석에 앉아 있듯, 또 다른 박스석으로 건너가는 건 일도 아니라 말하는 걸까.",
scenejan_34_choice,1,,narrator,"만일 그가 당신에게 보내는 저 눈빛이 도전장이고, 게임에 응하겠냐는 초대장이라면…",
scenejan_35,1,,narrator,"당신은 오페라 글라스를 무릎팍에 내려놓고, 리스트가 왜 당신을 그리 빤히 쳐다보고 있었는지를 고민해 본다.",
scenejan_35,2,,narrator,뭔가 치장이 우습거나 촌스러워 보였던 걸까?,
scenejan_35,3,,narrator,시마노프스카 부인과 볼로프스카 부인이 둘 다 뭐라 하지 않은 걸 보면 크게 이상하지는 않았을 텐데.,
scenejan_35,4,,me,저 혹시 뭐 묻거나 어디 흐트러진 데 있어요?,
scenejan_35,5,szymanowska,szymanowska,응? 아니? 예쁜데 왜 그러니?,
scenejan_35,6,,me,그냥요. 누가 자꾸 쳐다보는 것 같아서 괜히 의식되네요.,
scenejan_35,7,szymanowska,szymanowska,오페라 극장이 원래 그런 곳이지. 긴장 풀려무나.,
scenejan_36,1,,narrator,"당신이 다시 글라스를 들고 리스트를 바라봤을 때는, 리스트의 시선은 다른 곳을 향해 있었다.",
scenejan_36,2,,narrator,"리스트의 시선을 끝까지 따라가 본 당신은 당신과 같은 층, 오른쪽으로 일고여덟 칸 정도가 떨어져 있는 박스석들을 살핀다.",
scenejan_36,3,,narrator,그 가운데 당신이 아는 사람은 몇 없었다. 리스트가 아는 사람도 몇 없을 것이라는 생각이 들었다.,
scenejan_36,4,,narrator,당신의 시선이 머무른 곳은 어림잡아 보아도 마흔은 넘은 듯한 사람들이 대부분인 박스석이었다.,
scenejan_36,5,,narrator,"휘어진 코와 진한 인상, 검은 머리카락이 가득한 박스석에 앉아 있는 사람들은 대부분이 유대계 혈통인 듯했다.",
scenejan_36,6,,narrator,그리고 그 가운데에 멘델스존만이 유일하게 젊은 사람이었다. 아… 어르신들에게 끌려온 것이 분명했다.,
scenejan_36_choice,1,,narrator,리스트는 멘델스존을 보고 있었던 걸까?,
scenejan_37,1,,narrator,서글서글하게 어르신들에게 맞춰주는 멘델스존을 관찰해도 더 이상 얻을 건 없을 것 같았다.,
scenejan_37,2,,narrator,"당신이 고개를 돌리려던 그 순간, 잠시 대화 주제가 바뀌는 건지 멘델스존의 대화 상대가 돌아앉았다.",
scenejan_37_choice,1,,narrator,"그리고 오페라 글라스 너머로, 그의 맑은 시선이 정확히 당신과 마주쳤다. 그는 동요한 것이 분명했으나 짐짓 평온한 표정을 가장했다.",
scenejan_38,1,,narrator,먼 거리라서 멘델스존은 당신의 표정변화를 알아차리지 못한 것 같았다.,
scenejan_38,2,,narrator,"하지만 그저 시선이 마주쳤다는 사실이 부끄러웠는지, 그는 황급히 고개를 돌려 무대로 시선을 돌렸다.",
scenejan_39,1,,narrator,"멘델스존은 어쩌면 좋을지 고민하는 것처럼 보였다. 그의 눈동자가 무대로 향했다가, 다른 박스석을 향했다가, 다시 잠깐 당신을 향했다.",
scenejan_39,2,,narrator,빠르게 깜박이며 나풀거리는 눈꺼풀이 아주 잘 보였다. 그의 머리 굴러가는 소리도 들리는 것 같았다.,
scenejan_39,3,,narrator,"한참을 그렇게 당신을 봤다가, 당신이 시선을 거두지 않았다는 것에 서둘러 시선을 거두기를 반복하던 그는,",
scenejan_39,4,,narrator,결국 아주 작게 손을 흔들어 줌으로써 응답했다. ,
scenejan_39,5,,narrator,그게 뭐가 그리 부끄러웠는지 인사를 하자마자 그는 황급히 고개를 돌려 무대로 시선을 돌렸다.,
scenejan_40,1,,narrator,"성능 좋은 오페라 글라스로는 민망함에 붉어진 귀도, 내리깔아 뺨에 그림자를 드리우는 긴 속눈썹도 잘 보였다.",
scenejan_40,2,,me,"참, 뭐가 그리 부끄럽다고…",
scenejan_40,3,,narrator,당신은 혼잣말처럼 중얼거렸다.,
scenejan_41,1,,narrator,다시 무대를 보자 버려진 수도원으로의 전환이 끝나 있었다.,
scenejan_41,2,,narrator,과연 사람들이 떠들어 댈 만한 스펙타클이었다. ,
scenejan_41,3,,narrator,간음죄를 범하고 죽은 수녀들의 유령이라… 주제에 대해서는 논란이 있을 수 있어도 효과만은 확실했다.,
scenejan_41,4,,narrator,유령처럼 흰 옷을 입은 발레리나들이 춤추는 모습은 가히 장관이었다.,
scenejan_41,5,,narrator,"사람들은 열광했고, 박수가 터져나왔다. 당신도 작게 박수를 쳤다.",
scenejan_41,6,,narrator,3막이 끝날 때쯤 시마노프스카가 자리에서 일어난다.,
scenejan_41,7,szymanowska,szymanowska,"어휴, 나는 이런 건 못 보고 있겠어. 너무 말도 안 되는 이야기뿐이네.",
scenejan_41_choice,1,szymanowska,szymanowska,"이모 따라 갈래, 아니면 남아서 마저 보고 갈래?",
scenejan_42,1,,narrator,당신은 시마노프스카와 함께 마차를 타고 집으로 돌아갔다.,
scenejan_42,2,,narrator,화려한 오페라의 밤은 그렇게 저물었다.,
scenejan_43,1,,narrator,당신은 고개를 끄덕이고 오페라를 마저 관람한다.,
scenejan_43,2,,narrator,오페라가 끝나고 밖으로 나왔을 때는 이미 오후 열한 시였다.,
scenejan_43,3,,narrator,"하늘에서는 함박눈이 흩날렸고, 차가운 공기는 뺨을 발갛게 얼렸다.",
scenejan_43,4,,narrator,입가에서 입김이 나와 공기 중으로 하얗게 흩어졌다.,
scenejan_43,5,liszt,liszt,"어라, 베시에르 양?",
scenejan_43,6,liszt,liszt,"왜 혼자 있어요, 추운데.",
scenejan_43,7,,me,이모가 먼저 집에 가버렸네요. 어지간히 취향이 아니셨나봐요.,
scenejan_43,8,liszt,liszt,마차는 있어요?,
scenejan_43,9,,me,이제 불러야죠. 돈은 있으니까.,
scenejan_43_choice,1,liszt,liszt,태워줄까요?,
scenejan_44,1,liszt,liszt,그럼 가실까요. 아주 편안하게 모시지요.,
scenejan_44,2,,narrator,"리스트는 당신에게 팔을 내밀고, 당신을 자신의 마차로 안내했다.",
scenejan_44_a,1,,narrator,마차를 타고 돌아가는 길은 따뜻하고 편안했다.,
scenejan_44_a,2,,narrator,"당신과 리스트는 마주앉아 이런저런 이야기를 나누었고, 하얗게 김이 낀 창문에다가 그림을 그리기도 했다.",
scenejan_44_a,3,,narrator,리스트의 마차를 단둘이서 타고 왔다는 걸 알게 된 시마노프스카가 경악하고 자책한 것은 나중의 이야기였다.,
scenejan_45,1,,me,아무래도 단둘이는 좀 그래서요.,
scenejan_45,2,liszt,liszt,"하하, 이거 아쉽네요. 제가 누군가랑 같이 타고 왔어야 했는데.",
scenejan_45,3,liszt,liszt,알겠습니다. 밤의 파리는 위험하니 조심하도록 하세요.,
scenejan_45,4,,me,다음에 뵙죠.,
scenejan_45,5,liszt,liszt,좋은 밤 되시기를.,
scenejan_45,6,,narrator,리스트는 챙을 살짝 내려 당신에게 인사하고는 자신의 마차로 향했다.,
scenejan_46,1,,narrator,"오페라가 인기 있었기 때문인지, 이상하게 마차가 잘 잡히지 않았다.",
scenejan_46,2,,narrator,당신은 부르르 떨며 극장의 계단에 걸터앉아 있었다.,
scenejan_46,3,,narrator,"그때, 이제는 발밑에 조금 쌓인 눈을 뽀드득하고 밟으며 누군가가 다가온다.",
scenejan_46,4,,narrator,올려다보자 멘델스존이었다.,
scenejan_46,5,mendelssohn,mendelssohn,"혹시나 해서 와봤는데, 여즉 여기 계셨습니까?",
scenejan_46,6,mendelssohn,narrator,멘델스존은 손을 내밀어 당신을 정중히 일으켜세운다.,
scenejan_46,7,mendelssohn,mendelssohn,시마노프스카 부인도 너무하시네요.,
scenejan_46,8,,me,이모 탓은 아니에요. 이렇게까지 마차가 안 잡힐 줄 몰라서…,
scenejan_46,9,mendelssohn,mendelssohn,으레 있는 일이지요. 일행들과 떨어졌다가는 집에 걸어가야 하는 일이 생기더군요.,
scenejan_46,10,mendelssohn,narrator,"멘델스존은 모자 챙을 만지작거리며, 살짝 머뭇거리다가 묻는다.",
scenejan_46,11,mendelssohn,mendelssohn,혹시 제가 태워다드려도 될까요?,
scenejan_46,12,mendelssohn,narrator,당신이 망설이는 것 같아보였는지 멘델스존은 단서를 단다.,
scenejan_46_choice,1,mendelssohn,mendelssohn,제가 마부석에 앉아서 갈 테니 예절에 관해서는 고민하지 않으셔도 괜찮습니다.,
scenejan_47,1,mendelssohn,mendelssohn,"아닙니다, 전혀 불편하지 않습니다.",
scenejan_47,2,,narrator,"멘델스존은 손사래를 치지만, 역시나 멀쩡한 마차가 있는 사람을 마부석에 앉히는 건 미안했다.",
scenejan_47,3,,narrator,게다가 본인도 코끝이 이미 빨간 걸 보니 추위에 강한 사람도 아니다.,
scenejan_47,4,,narrator,당신의 거절에 멘델스존도 더 이상 당신에게 권하지는 않는다.,
scenejan_47,5,mendelssohn,mendelssohn,"그러면…저도 더 이상 밀어붙이기 어렵네요. 부디 몸조심하세요, 날이 많이 춥습니다.",
scenejan_47,6,,me,걱정 감사해요. 조심해서 들어가세요.,
scenejan_48,1,,narrator,"멘델스존은 미소지으며 조심스레 손을 내밀었다. 당신은 그 위에 당신의 손을 겹치고, 멘델스존의 마차로 향한다.",
scenejan_48,2,,narrator,마차 안으로는 바람이 거의 들어오지 않았다. 당신은 이따금씩 마부석 쪽을 힐끔거렸다.,
scenejan_48,3,,narrator,"아까 그는 일행과 같이 왔을 텐데, 일행은 다 어디로 간 건지 의문이 잠깐 남았다.",
scenejan_48,4,,narrator,"마차가 집 앞에 멈추어섰을 때, 멘델스존의 검은 외투와 모자, 그리고 검은 머리카락에는 눈이 새하얗게 내려앉아 있었다.",
scenejan_48,5,,narrator,추위에 빨개진 얼굴로 덜덜 떨면서도 그는 당신이 내릴 때 손을 내밀어 주었다.,
scenejan_48,6,,narrator,"둘이서만 오는 것을 보고 수상쩍어하던 시마노프스카는 멘델스존에게 내려앉은 눈과 그의 빨개진 얼굴을 보고 의심을 풀었고,",
scenejan_48,7,,narrator,미안해하며 몸이라도 녹이고 가라고 했지만 멘델스존은 시간이 늦었다며 한사코 거절했다.,
scenejan_49,1,,narrator,다행히 멘델스존이 떠나고 얼마 지나지 않아 당신은 마차 한 대를 잡을 수 있었다.,
scenejan_49,2,,narrator,그 사이에 감기에 걸린 것 같긴 했지만…,
scenejan_50,1,,narrator,시마노프스카는 앞으로는 당신을 절대 혼자 두지 않겠다고 말하며 사과했다.,
scenejan_50,2,,narrator,사실 굳이 마지막까지 오페라를 보기로 고집한 건 당신이었지만… 그건 일단 무시하자.,
scenejan_51,1,,narrator,"그날 밤, 피곤했던 당신은 침대에 고개를 대자마자시피 꿈 없는 깊은 잠으로 빠져들었다.",
scenejan2_1,1,,narrator,"오페라에서 돌아오고 얼마 지나지 않아 1월 6일, 주현절이 되었다.",
scenejan2_1,2,,narrator,1년 중에 가장 추운 기간이라고 할 수도 있겠지만 주현절의 도래는 곧 카니발의 도래를 알리는 것이기도 했다.,
scenejan2_1,3,,narrator,"센 강이 얼어붙을 정도의 추위에도 불구하고 활기가 돌기 시작했고, 사순절이 되기 전 최대한 즐겨놓겠다는 각계각층의 사람들의 기대로 도시가 부풀어오르는 것만 같았다.",
scenejan2_1,4,,narrator,당연한 이야기지만 당신도 파리에서 카니발을 즐기는 건 처음이었다.,
scenejan2_1,5,,narrator,이런저런 모임을 참석하며 다른 사람들의 카니발 계획을 엿들으며 당신이 알게 된 것 몇 가지.,
scenejan2_1,6,,narrator,"하나, 카니발 때는 많은 예의범절이나 사회적 규범이 느슨해진다.",
scenejan2_1,7,,narrator,"둘, 카니발 때는 보통 하나쯤 코스튬을 산다.",
scenejan2_1,8,,narrator,"셋, 카니발 때는 곳곳에서 가면무도회가 열리는데 그 중 최고는 펠레티에 오페라 극장의 것이다.",
scenejan2_1,9,,narrator,"넷, 다만 이번에는 팔레 루아얄의 무도회랑 날짜가 겹치니 자칫했다가는 오페라 극장이 한산해질지도 모르겠다.",
scenejan2_1,10,,narrator,"펠레티에 오페라 극장이야 당연히 프랑스 최고의 극장이니, 그곳에서 하는 행사야 언제나 인산인해를 이루겠지.",
scenejan2_1,11,,narrator,그렇다면 팔레 루아얄은 대체 무엇하는 곳이길래?,
scenejan2_1,12,,narrator,"가만히 생각해 보니 당신이 파리에 온 지도 세 달이 다 되었지만, 이상하게 팔레 루아얄은 저 멀찍이서 한두 번 구경해 본 게 전부였고 누구도 ‘저기는 뭐하는 곳이다’ 라고 이야기해 준 적이 없었다.",
scenejan2_1,13,,narrator,그래서 당신은 시마노프스카에게 물어봤다.,
scenejan2_1,14,,me,"이모, 팔레 루아얄은 뭐하는 곳인가요?",
scenejan2_1,15,szymanowska,szymanowska,"팔레 루아얄? 거기는 뭐, 음, 좀 노는 애들이 가는 데지.",
scenejan2_1,16,,narrator,그 정도의 설명을 끝으로 시마노프스카는 딴청을 피웠다.,
scenejan2_1,17,,narrator,그 반응으로 미루어 짐작컨대 분명 정숙한 숙녀가 드나드는 것이 바람직하다 여겨지는 곳은 아니었다.,
scenejan2_1_choice,1,,narrator,…하지만 카니발이잖은가.,
scenejan2_2,1,,narrator,당신은 팔레 루아얄에 가기로 결심한다.,
scenejan2_2,2,,narrator,조사를 좀 해 보니 팔레 루아얄은 당신이 생각한 것보다 좀 더… 위험한 곳이었다.,
scenejan2_2,3,,narrator,"낮에는 그 유명한 베리 레스토랑이 있어서 명망 있는 사람들도 드나들지만, 밤이 되면 도박판이 열리고, 매춘부들이 득시글거리는 매음굴이었다.",
scenejan2_2,4,,narrator,"조, 조금 무섭긴 했지만 뭐… 원래 그런 금지된 장소에 한번쯤 가보고 싶은 게 사람 마음이다.",
scenejan2_2,5,,narrator,"팔레 루아얄의 무도회 날짜는 1월 25일 수요일. 하지만 저녁 8시쯤 홀로 밖에 나간다는데, 시마노프스카가 가만히 있을 리가 있을까?",
scenejan2_2,6,,narrator,당신은 팔짱을 끼고 생각에 잠긴다.,
scenejan2_2,7,,narrator,그때 집배원이 편지 한 무더기를 쏟아놓고 간다.,
scenejan2_2,8,,narrator,시답잖은 안부나 초대 편지를 하나하나 심드렁한 표정으로 살펴보던 당신의 손이 초대장 하나에서 멈춘다.,
scenejan2_2,9,,narrator,길쭉하고 단정한 필체의 편지는 당신에게 무도회에 참석하지 않겠냐고 묻고 있었다.,
scenejan2_2,10,,narrator,장소는 부이몽 호텔. 카니발이라서 샤프롱 없이 갈 수 있다는 아주 매력적인 옵션.,
scenejan2_2,11,,narrator,"게다가, 이 편지를 보낸 사람, 그러니까 펠릭스 멘델스존이라면… 시마노프스카도 인정할 정도로 ‘엄한 짓’ 은 안 할 남자 아니던가?",
scenejan2_2_choice,1,,narrator,"물론 또 생각해 보면, 부이몽 호텔에서 열리는 무도회는 당신이 원하는 카니발의 그 짜릿하고 은밀한 분위기랑은 아주 거리가 멀고 고상하기만 할 것 같다는 단점도 있었다.",
scenejan2_3,1,,narrator,시마노프스카는 끝까지 ‘남자랑 단 둘이서 간다고?’ 라면서 걱정과 의혹의 눈길을 거두지 않았다.,
scenejan2_3,2,,narrator,"하지만 멘델스존의 거듭된 ‘부이몽 호텔의 보안은 엄격하고, 가면무도회라고는 하지만 실상 다 서로가 서로를 알고 있는 사이다, 그러니 혹시라도 자기가 허튼짓을 하면 즉각 자신이 사교계에서 매장될 것이다,",
scenejan2_3,3,,narrator,"그리고 베시에르 양 같은 성격의 (당신은 당신 성격이 어떻다고, 라고 생각했다) 숙녀는 가끔 좀 풀어줘야 크게 엇나가지 않는다’ 라는 설득에 못마땅해 하면서 허락을 해 줬다.",
scenejan2_3,4,,narrator,여하튼 설득에는 재능이 있는 남자였다. 참 수완이 좋아.,
scenejan2_3,5,,narrator,당신은 뭔 신분이 숨겨지지도 않을 것 같은 가면과 무난하게 신기한 패턴의 드레스를 구입한다.,
scenejan2_3,6,,narrator,"1월 25일이 되었고, 당신은 멘델스존의 에스코트를 받아 호텔 로비로 입장한다.",
scenejan2_3,7,,narrator,확실히 나잇대가 높았다. 적어도 서른은 넘긴 것 같은 귀족들이 바글바글했다.,
scenejan2_3,8,,narrator,"이대로 가다가는 가발 쓴 할아버지도 나오겠다, 싶을 때 정말로 가발을 쓰고 18세기 분장을 한 사람 몇 명이 당신 곁을 스쳐지나갔다.",
scenejan2_3,9,,narrator,첫 춤은 무려 미뉴에트로 시작했다.,
scenejan2_3,10,,narrator,"미뉴에트라니, 대체 요즘 세상에 누가 미뉴에트로 무도회를 시작한단 말인가?!",
scenejan2_3,11,,narrator,춤을 추는 내내 당신은 이마를 짚고 싶은 심정이었다.,
scenejan2_3,12,,narrator,춤과 춤 사이에는 길고 긴 사교 대화가 기다리고 있었다.,
scenejan2_3,13,,narrator,"어떤 스파가 무슨 치료에 좋다더라, 나도 가봐야겠다, 요즘 건강은 괜찮냐, 주치의가 어쩌고 저쩌고, 자식들 교육은 어떻게 하고 있는지, 심지어는 손주자랑까지…",
scenejan2_3,14,,narrator,듣는 것만으로 늙는 것 같은 이야기들을 듣고 있으니 여긴 새삼 당신의 세계가 아니라는 생각이 들었다.,
scenejan2_3_choice,1,,narrator,당연히 이 모임의 ‘젊은이’ 들로서 당신과 멘델스존에게는 많은 질문과 대화거리가 쏟아졌다. 당신은…,
scenejan2_4,1,,narrator,무도회가 중반쯤 진행됐을 때 쯤부터는 멘델스존의 얼굴에도 짜증을 참고 있는 기색이 역력해졌다. 본인도 안 즐길 거면서 무도회에 같이 가자는 소리는 왜 한 걸까. 어쩌면 처음부터 시마노프스카가 당신을 팔레 루아얄에 가지 못하게 하려는 계획 아니었을까… 하는 생각까지 들었다.,
scenejan2_4,2,,me,날이 서 있으시네요.,
scenejan2_4,3,,narrator,멘델스존은 고개를 앞으로 숙였다가 친절한 미소를 지으며 답한다.,
scenejan2_4,4,mendelssohn,mendelssohn,그래 보였나요? 티가 났다니 죄송합니다.,
scenejan2_4,5,,narrator,당신은 멘델스존도 당신과 같은 생각인지 슬쩍 떠 본다.,
scenejan2_4,6,,me,여기 사람들이 다 너무 재미없어서 그래요?,
scenejan2_4,7,mendelssohn,mendelssohn,"아뇨, 아뇨. 아니, 약간은 그런 구석도 있긴 한데 그게 주 원인은 아니고요, 그냥…",
scenejan2_4,8,,narrator,멘델스존이 길게 한숨을 내쉰다.,
scenejan2_4,9,mendelssohn,mendelssohn,...제가 오늘 점심밥을 좀 일찍 먹었더니 슬슬 배가 좀 고프네요.,
scenejan2_4,10,,narrator,시계를 보니 열한 시가 넘어가고 있었다. 정찬이 시작되기 전 간식이 준비되어야 할 시각이었다.,
scenejan2_4_choice,11,,narrator,그래도 세 시간이면 오래 있던 거 아닐까? 이제 슬슬 팔레 루아얄로 가 봐도 괜찮지 않을까… 당신은 팔짱을 끼고서 서 있는 멘델스존의 옆모습을 가만히 바라본다.,
scenejan2_5,1,,,…아무리 생각해도 너무 재미없을 것 같았다. 당신은 그냥 어떻게든 시마노프스카의 감시를 피할 방법을 혼자서 생각해 보기로 한다.,
scenejan2_5,2,,,다행히 길게 고민할 필요는 없었다. 시마노프스카가 오페라 가면무도회에 참석한다면서 집을 비웠기 때문이었다.,
scenejan2_6,1,,,당신의 말을 듣고 멘델스존의 얼굴이 새하얗게 질린다.,
scenejan2_6,2,,me,왜요? 팔레 루아얄. 오늘 거기도 가면무도회 같은 걸 한댔어요.,
scenejan2_6,3,,,멘델스존은 여전히 새하얗게 질린 얼굴로 세차게 고개를 젓는다.,
scenejan2_6,4,mendelssohn,mendelssohn,"팔, 팔레 루아얄은 안 돼요, 에투아르 씨. 제가 파리 사람이 아니지만 그곳은 숙녀 분께서 다녀올 만한 곳이 아닌 건 알아요.",
scenejan2_6,5,,,당신은 그 말이 멘델스존의 입에서 나오자마자 ‘얘기하지 말 걸’ 이라고 후회한다. 그 뒤부터 멘델스존은 매의 눈으로 당신의 일거수일투족을 감시하다시피 했기 때문이었다.,
scenejan2_6,6,,,심지어는 이제 한숨 돌릴 수 있겠다 하고 춤을 마무리하자마자 바로 그가 자기랑도 한 곡을 추자면서 끌고 나갔다.,
scenejan2_6,7,,,물론 그런 매의 눈을 한 감시자에게도 허점은 있는 법이었다.,
scenejan2_6,8,,,오래 지나지 않아 간식이 등장했다.,
scenejan2_6,9,,,"오호라, 이건 기회였다!",
scenejan2_6,10,,,"당신은 적당히 눈치를 보다가,멘델스존이 신나게 유자 타르트와 미뇨네트 소스를 곁들인 삼배체 굴, 당근라페를 접시에 담고 있는 동안, 바람을 쐬고 온다는 핑계로 무도회장을 슬쩍 떠난다.",
scenejan2_7,1,,,오래 지나지 않아 간식이 등장했다.,
scenejan2_7,2,,,"오호라, 이건 기회였다!",
scenejan2_7,3,,,"당신은 적당히 눈치를 보다가,멘델스존이 신나게 유자 타르트와 미뇨네트 소스를 곁들인 삼배체 굴, 당근라페를 접시에 담고 있는 동안, 바람을 쐬고 온다는 핑계로 무도회장을 슬쩍 떠난다.",
scenejan2_8,1,,,"정말 유감스럽게도, 최선의 노력에도 불구하고 무도회는 별로 재미가 없었다.",
scenejan2_8,2,,,당신은 가면을 쓰고서 하하호호 웃는 사람들을 바라본다. 어차피 다들 누가 누군지도 알 수 있을 정도의 비슷비슷한 무도회 복장인 걸 보고 무엇이 그리 재미있는 것인지 알 수 없었다.,
scenejan2_8,3,,,원래 가면무도회의 짜릿함이라는 건 상대의 정체를 모르는 데서 오는 법 아니던가.,
scenejan2_8,4,mendelssohn,mendelssohn,"음, 베시에르 양?",
scenejan2_8,5,,,멘델스존이 안절부절 못하며 당신에게 샴페인과 삼베체 굴 그리고 당근 퓌레를 건넸다.,
scenejan2_8,6,mendelssohn,mendelssohn,원하시는 음식이라도 있으시면 제가 가져올까요?,
scenejan2_8_choice,7,,,멘델스존은 당신의 말에 시무룩해 한다.,
scenejan2_800,8,mendelssohn,mendelssohn,죄송합니다. 저도 이렇게까지…,
scenejan2_800,9,,,그는 조심스럽게 귓속말을 한다.,
scenejan2_800,10,mendelssohn,mendelssohn,...재미없을 줄 몰랐어요.,
scenejan2_800_choice,1,,,자기가 함께 오자고 초대를 한 것이었으니 더욱 미안하고 무안한 모양이었다.,
scenejan2_9,1,mendelssohn,mendelssohn,"그러면, 우리 그냥 일찍 들어갈까요?",
scenejan2_9,2,,,기껏 생각해낸 해결책이 일찍 들어가기라니. 참 재미없는 사내였다.,
scenejan2_9,3,,,하지만 여기 계속 있는 것보다는 잠이나 푹 자는 것이 나을 것 같아서 당신은 순순히 고개를 끄덕인다.,
scenejan2_9,4,,,그래도 카니발이라는 건 참 좋은 것이었다.,
scenejan2_9,5,,,시마노프스카를 대동하지 않아도 누가 뭐라 하지는 않으니까 말이었다.,
scenejan2_9,6,,,"당신이 심드렁하게 마차 창문에 고개를 기대고 있을 때, 마차가 멈춰선다.",
scenejan2_9,7,,me,뭐예요?,
scenejan2_9,8,,,"멘델스존은 아무 말을 않고 마차 문을 열고, 손을 내민다. 당신에게 내려오라는 투였다. 바깥의 쌀쌀한 공기가 뺨을 스쳤다.",
scenejan2_9,9,,,내리자 저 뒤편으로 퐁뇌프 다리가 보였다.,
scenejan2_9,10,,me,이게 어딘데요?,
scenejan2_9,11,mendelssohn,mendelssohn,"음, 폐허?",
scenejan2_9_choice,1,,,멘델스존은 당신의 팔짱을 낀 채로 걸음을 옮긴다. 어딘가 스산한 이곳은 간신히 실루엣만이 분간될 정도로 시커맸다.,
scenejan2_10,1,,,멘델스존은 팔에 끼고 왔던 담요를 바닥에 펼치고 당신에게 앉아 보라고 손짓한다.,
scenejan2_10,2,mendelssohn,mendelssohn,밤하늘이라도 보여드리고 들어가려고요.,
scenejan2_10,3,,,그의 말에 당신은 홀린 듯이 앉아서 하늘을 올려다본다.,
scenejan2_10,4,,,어두운 밤하늘에 흰 물감을 흩뿌려 놓은 듯 별들이 잔뜩 반짝였다.,
scenejan2_10,5,mendelssohn,mendelssohn,이 시끄러운 동네에도 조용한 곳이 있더라고요. 운영을 중단한 욕장이라니까 사실상 폐허죠.,
scenejan2_10_choice,1,,,그런 곳을 외지인이면서 찾아낸 이 사람도 어지간히 대단한 게 아니었다.,
scenejan2_11,1,,,차가운 공기를 맞으며 당신은 뻥 뚫린 하늘 위로 반짝이는 별을 바라본다.,
scenejan2_11,2,,me,"내 이름이네요, 저것들.",
scenejan2_11_choice,1,mendelssohn,mendelssohn,예뻐요.,
scenejan2_12,1,mendelssohn,mendelssohn,"외국인이라서 베시에르 양의 이름이 어떤 느낌인지는 잘 모르겠지만, ‘슈테른’ 이 이름인 것과 비슷한 느낌이겠네요.",
scenejan2_12,2,mendelssohn,mendelssohn,확실히 드물고 그만큼 놀림받기도 좋겠지만… 가슴설레는 이름이기도 하죠.,
scenejan2_12,3,,,멘델스존은 담요 위에 누운 당신을 가만히 내려다본다.,
scenejan2_12,4,mendelssohn,mendelssohn,"멀고, 순수하고, 알 수 없어서 더 매력적인… 그런 존재잖아요. 마찬가지인 것 같아요. 그래서 희귀한 이름인데도 이상하게 놀리기가 힘들죠.",
scenejan2_12,5,,,다시 밤하늘을 바라보는 그의 눈이 반짝인다.,
scenejan2_13,1,mendelssohn,mendelssohn,어린아이 중 별을 싫어하는 사람이 있을까요? 없을 것 같아요. 저도 좋아했거든요. 해가 지고 나면 뒤뜰에 나가서 잠이 올 때까지 별만 보고 있던 적도 있어요.,
scenejan2_13,2,,me,그러면 별에 대해서 잘 아시겠네요?,
scenejan2_13,3,mendelssohn,mendelssohn,"아뇨, 북극성도 못 찾아요.",
scenejan2_13_choice,1,,,"당신은 웃음을 터뜨렸다. 못 하는 것이라고는 없을 것 같은 남자가 북극성도 못 찾는다니, 아이러니하고 웃겼다.",
scenejan2_14,1,,me,저게 북극성이에요.,
scenejan2_14,2,,,당신은 손가락으로 하늘을 가리킨다.,
scenejan2_14,3,mendelssohn,mendelssohn,그 ‘저게’ 어디를 가리키고 있는지 모르겠어요.,
scenejan2_14,4,,,당신은 웃으면서 손가락을 내린다.,
scenejan2_14,5,,me,국자 모양은 보여요?,
scenejan2_14,6,mendelssohn,mendelssohn,"아뇨, 전혀요.",
scenejan2_14,7,,me,안목이 없으시네.,
scenejan2_14,8,,me,W자는 어때요?,
scenejan2_14,9,mendelssohn,mendelssohn,"음, M자 같은 거 말씀하시는 거죠?",
scenejan2_14,10,,me,"맞아요, 그게 카시오페이아. 거기서 출발해 봐요. 굴곡진 부분이 있잖아요? 푹 들어간 부분을 쭉 연장하는 거예요. 그렇게 해서 만나는 데에 북극성이 있어요.",
scenejan2_14,11,,,당신은 북극성부터 시작해 멘델스존에게 다양한 겨울 별자리를 하나하나 짚어 준다.,
scenejan2_14,12,,,"쌍둥이자리, 오리온자리, 큰개자리, 황소자리… 멘델스존은 당신이 별자리를 짚어 줄때마다 탄성을 내질렀다.",
scenejan2_14,13,,me,이제 좀 알겠어요?,
scenejan2_14,14,mendelssohn,mendelssohn,"…아뇨, 전혀 모르겠어요. 이 쪽에는 재능이 전혀 없네요. 뱃사람이었으면 첫 항해에서 난파당했겠어요.",
scenejan2_14,15,,me,그러게요. 배는 타지 마세요.,
scenejan2_15,1,mendelssohn,mendelssohn,자주 타고 있어요. 영국 갈 때마다 타고 그 때마다 뱃멀미를 하죠.,
scenejan2_15,2,,me,정말로요? 나는 멀미 안 하는데. 나는 남자로 태어났으면 온 세상을 항해했을 거예요.,
scenejan2_15_choice,1,,,뭔가 베시에르 양다운 꿈이네요. 제가 여자로 태어났더라면 저는 뱃사람을 하염없이 뭍에서 기다리는 아낙네 아니었으려나.,
scenejan2_16,1,,,그의 반응에 당신은 미소를 짓는다. 별이 가득한 밤하늘 아래서 이런 시답잖은 대화나 나누고 있다니.,
scenejan2_16_choice,1,,,당신은 한참 동안 하늘을 바라본다.,
scenejan2_17,1,,,그렇게 하늘을 바라본 지 20분 정도가 지나자 멘델스존이 당신의 손을 잡아서 일으켜세워 준다. 당신은 하늘을 조금 더 바라본다. 하얀 입김 너머로 하얀 점들이 보였다.,
scenejan2_17,2,mendelssohn,mendelssohn,이제 슬슬 들어가죠. 마부가 길을 잃었다는 핑계로는 이 정도가 한계거든요.,
scenejan2_17,3,,,당신은 고개를 끄덕이고 자리에서 일어난다.,
scenejan2_17,4,mendelssohn,mendelssohn,"무도회는 잊고 저 밤하늘만 기억해요, 베시에르 양.",
scenejan2_17_choice,1,,,멘델스존은 싱긋 미소지으며 당신이 마차에 오르는 것을 도왔다.,
scenejan2_18,1,,,멘델스존은 웃으며 마차에 올라 문을 닿는다. 그의 뺨이 추위 때문인지 새빨개져 있었다.,
scenejan2_18,2,,,집으로 돌아가는 마차는 조용했다. 어색한 공기는 아니었다.,
scenejan2_18,3,,,"다만, 80만 명이 사는 이 도시에서도, 그토록 고요하고 그토록 수많은 별들이 수놓인 하늘이 보인다는 것이, 그리고 당신이 이 일상에서 여유를 내 이 하늘을 보았다는 것이, 이상하게 마음에 어떤 잔잔한 파도를 일으켰기 때문이었다.",
scenejan2_20,1,,,옷을 바꿔입으니 유리창에 비친 당신은 당신도 몰라볼 정도로 달라져 있었다.,
scenejan2_20,2,,,당신은 경쾌한 발걸음으로 생토노레 가를 따라 쭉 걸어간다. 곳곳에서 술에 취한 사람들이 왁자지껄하게 떠들며 다음 번 만남을 기약하고 있었다.,
scenejan2_20,3,,,"두려움 때문일까, 설렘 때문일까, 가슴이 마구 뛰었다.",
scenejan2_20,4,,,"기다란 회랑, 불 꺼진 카페와 레스토랑들. 그럼에도 그곳은 파리의 다른 조용한 집들과는 비교가 되지 않게 밝았다.",
scenejan2_20,5,,,그야말로 불야성이었다.,
scenejan2_20,6,,,교태어린 미소를 지으며 대목에서 좋은 건수를 노리는 매춘부들의 간드러진 목소리가 여기저기서 들려왔다.,
scenejan2_20,7,,,그들이 입고 있는 옷만으로는 그들이 매춘부라는 걸 짐작할 수도 없었다. 비싸고 호화스러워 보이는 옷이었다.,
scenejan2_20,8,,,"군복, 값비싼 테일코트, 다 해진 프록코트, 심지어는 사제복까지 다양한 옷이 그 유혹에 넘어갔다.",
scenejan2_20_choice,1,,,보지 않으려 해도 얼핏얼핏 눈가에 들어오는 그 광경은 생각보다 역해서 당신은 서둘러 2층으로 올라간다.,
scenejan2_21,1,,,확실히 이곳은 달랐다. 대부분의 사람들이 은밀했고 얼굴을 숨기고 있었다.,
scenejan2_21,2,,,무도회장의 구석에서는 남녀가 누구라 할 것 없이 끈적하게 얽혀서 가면을 들추며 숨가쁘게 몸을 섞었다.,
scenejan2_21,3,,,사람들은 보통 허락되는 것보다 훨씬 가까이에서 몸을 붙이고 왈츠를 추었다.,
scenejan2_21,4,,,당신은 침을 꿀꺽 삼켰다.,
scenejan2_21,5,,,그때 베네치아의 카니발 가면을 흉내낸 듯한 사람이 당신에게 와서 손을 까딱까딱 했다.,
scenejan2_21,6,,me,네?,
scenejan2_21,7,,,"남자는 당신에게 표를 달라고 한다. 당신은 주머니를 뒤적거려 보다가, 옷을 갈아입으면서 표를 놓고 왔다는 걸 떠올린다. 아뿔싸!",
scenejan2_21,8,,,"이대로 쫓겨나는 건가, 어떻게 해야 하지, 하고 마음속으로 발만 동동 구르고 있을 때 누군가가 당신의 어깨에 손을 올린다.",
scenejan2_21,9,???,???,내 동행인이에요.,
scenejan2_21,10,,,어딘가 익숙한 목소리였다. 당신은 천천히 고개를 돌려 뒤를 돌아본다.,
scenejan2_21,11,,,"얼굴을 숨길 생각도 없는 하프마스크 너머로 보이는 푸른 눈. 찰랑거리는 금발과 저 자신만만한, 나른한 미소.",
scenejan2_21_choice,12,,,백 미터 밖에서 봐도 프란츠 리스트였다.,
scenejan2_22,1,liszt,liszt,"미안해, 자기. 나 때문에 화 많이 났어?",
scenejan2_22,2,liszt,,"리스트는 자연스럽게 당신의 허리를 감싸안는다. 소름이 오소소, 돋았지만 아주 싫은 감각은 아니었다.",
scenejan2_22,3,liszt,liszt,"말이 없네, 그 정도로 화난 거야? 술냄새 풍기는 남자는 싫다 이거지?",
scenejan2_22,4,liszt,,그러면서 리스트는 당신의 옆구리를 간질였다. 얼굴이 붉게 달아올랐다. 가면을 쓰고 있어서 다행이었다.,
scenejan2_23,1,liszt,liszt,그래도 늦을 만한 이유가 있었다고. 옆방에서 싸움이 붙어서 말리느라 자기가 온 줄도 몰랐네. 안 들키고 잘 나왔어?,
scenejan2_23,2,liszt,,너무나도 이런 곳에 익숙한 사람의 어조. 모르는 사람이 보면 정말로 당신이 리스트와 연인 사이라고 생각할 것이다.,
scenejan2_23,3,,me,안 들켰어. 그러니까 그렇게 걱정하지 마.,
scenejan2_23,4,,,처음에는 미심쩍인 얼굴이었던 검표원은 리스트와 당신의 말도 안 되게 자연스러운 연기를 보고 고개를 끄덕인다.,
scenejan2_23,5,,,신사 분께서 그렇게 말씀하신다면… 들어가시죠.,
scenejan2_23,6,liszt,liszt,"아니, 됐어요. 그렇게 춤추는 걸 좋아하지 않아서.",
scenejan2_23,7,,,"리스트는 그렇게 인사하고는, 당신을 데리고 회랑에서 멈춘다.",
scenejan2_23,8,,,그의 팔이 당신의 허리에서 스르륵 풀린다.,
scenejan2_23_choice,1,liszt,liszt,"미안, 아까 보니까 급해 보이길래 물어보지도 않고 끼어들어 버렸네.",
scenejan2_24,1,liszt,liszt,응? 당연히 당신이 누군지 내가 알 리가 없지.,
scenejan2_24,2,liszt,,리스트는 웃으며 두 손을 들어올린다.,
scenejan2_24,3,liszt,liszt,그런데 레이디가 곤경에 처한 걸 가만 두고 가만 있는 성격은 아니라서 오지랖 좀 부려 봤어.,
scenejan2_25,1,,,그러고서 리스트는 또 크게 웃음을 터뜨렸다. 쌀쌀한 겨울바람이 회랑 사이로 파고들었다.,
scenejan2_25,2,,,그에게서는 코냑과 와인이 섞인 냄새가 났다. 이미 한참 취하고도 남은 것 같았다.,
scenejan2_25,3,,me,취했네.,
scenejan2_25,4,liszt,liszt,"걱정해 주는 거야? 레이디, 지금 걱정받아야 할 건 내가 아니라 그쪽이야.",
scenejan2_25,5,liszt,,리스트는 주머니에서 술통을 꺼내더니 또 한 모금을 들이킨다.,
scenejan2_25_choice,1,liszt,liszt,어리버리한 게 험한 꼴 당하기 딱 좋아 보아서 그래. 귀부인인지 아가씨인지 모르겠지만 집에 가.,
scenejan2_26,1,liszt,,리스트가 폭소한다.,
scenejan2_26,2,liszt,liszt,"하하하, 이거 웃긴 사람이네?",
scenejan2_27,1,liszt,liszt,"그래, 걱정해 주는 거야. 나도 나름 놈팽이긴 하지만 여자를 사고팔 정도로 질이 나쁘지는 않다고.",
scenejan2_27,2,,,"하기사 리스트 정도의 얼굴이면 여자를 왜 사야겠는가, 가만히 있어도 여자들이 발치에 무릎을 꿇을 텐데.",
scenejan2_28,1,,,당신은 어깨를 으쓱하며 리스트의 손에 들린 술통을 빼앗아 가면 아래로 한 모금을 들이킨다.,
scenejan2_28,2,,me,자기 입으로 얘기했잖아? 아까 옆방에서 싸움 붙었다면서. 그런 데 휘말렸다가는 그쪽도 똑같이 위험하지 뭐.,
scenejan2_28,3,liszt,,가면 너머로 리스트의 눈이 취한 와중에도 반짝반짝 빛났다. 달빛 아래 그의 푸른 눈은 마치 신비로운 보석 같았다. 리스트는 난간에 턱을 괸 채로 당신을 바라본다.,
scenejan2_28,4,liszt,liszt,"꽤나 맘에 들어, 당신.",
scenejan2_28,5,,me,난봉꾼.,
scenejan2_28,6,liszt,liszt,"아니, 걱정은 하지 마. 당신보다 조금 더 마음에 드는 여자가 있으니까 당신은 안 건드려.",
scenejan2_28,7,,me,의외의 순정남이네.,
scenejan2_28,8,liszt,liszt,"순정남, 까지는 너무 거창한 것 같고. 그냥 관심이 많이 가는 사람이야. 그 정도.",
scenejan2_28,9,,,당신은 리스트가 ‘조금 더 마음에’ 들어하는 여자가 누구인지 조금 궁금해졌다.,
scenejan2_28_choice,1,,,어떤 스무고개로 정보를 캐내 볼까.,
scenejan2_29,1,liszt,liszt,"아니, 차라리 그랬으면 더 편했을걸. 유부녀들 꼬시는 방법에는 일가견이 있어.",
scenejan2_29,2,,me,그런데 그 여자는 아니다.,
scenejan2_29,3,liszt,liszt,그렇지. 그래서 더 어렵네. 오히려 더 조심스러워진달까.,
scenejan2_29,4,,,"리스트는 발코니 밖, 은은한 가스등 위로 얼핏얼핏 보이는 별들을 바라본다.",
scenejan2_29,5,,,"꿈을 꾸는 듯한 눈을 보니, 생각보다 리스트가 마음을 많이 쓰고 있는 사람인 모양이었다.",
scenejan2_29,6,,me,그 여자가 다른 남자를 좋아하기라도 해?,
scenejan2_29,7,liszt,liszt,모르겠어. 그럴 가능성이 없지는 않지.,
scenejan2_29,8,,me,어장관리 당하고 있는 거야?,
scenejan2_29,9,,,리스트는 웃음을 터뜨린다.,
scenejan2_29,10,liszt,liszt,말이 심해. 그런 여자는 아니야.,
scenejan2_29,11,liszt,,그러다가 리스트는 헛웃음을 터뜨리며 뺨을 문질렀다.,
scenejan2_29,12,liszt,liszt,처음 만난 사람한테 내가 무슨 얘기를 하고 있나 모르겠다.,
scenejan2_29,13,,me,처음 만난 사람이니까 오히려 되는 거지. 나는 당신 이름도 모르잖아. 어디 가서 안 떠벌리고 다녀.,
scenejan2_30,1,liszt,liszt,말을 정말 잘 해.,
scenejan2_30,2,liszt,,"리스트는 발코니 밖, 은은한 가스등 위로 얼핏얼핏 보이는 별들을 바라본다.",
scenejan2_30,3,liszt,,"꿈을 꾸는 듯한 눈을 보니, 생각보다 리스트가 마음을 많이 쓰고 있는 사람인 모양이었다.",
scenejan2_30,4,,me,그리고 또?,
scenejan2_30,5,liszt,liszt,음…오늘 처음 만난 사람한테 이런 이야기를 해도 될까 모르겠네.,
scenejan2_30,6,,me,처음 만난 사람이니까 오히려 되는 거지. 나는 당신 이름도 모르잖아. 어디 가서 안 떠벌리고 다녀.,
scenejan2_31,1,liszt,liszt,얼마 안 됐어.,
scenejan2_31,2,,me,정확하게 얼마?,
scenejan2_31,3,liszt,liszt,그것까지 얘기하면 그 여자가 너무 특정되는데.,
scenejan2_31,4,,me,난 당신이 누군지 모른다니까.,
scenejan2_32,1,liszt,,리스트는 씩 미소지으며 턱을 괸 채로 당신을 바라본다.,
scenejan2_32_choice,1,liszt,liszt,알려줄까? 이름.,
scenejan2_33,1,,me,"뭐야, 그거. 진짜 이름도 아니잖아.",
scenejan2_33,2,liszt,liszt,그걸 어떻게 알아?,
scenejan2_33,3,,me,너무 고민도 없이 이야기했잖아.,
scenejan2_33,4,,me,그리고 파우스트에서 따온 이름인 걸 누가 모를 줄 알고.,
scenejan2_33,5,liszt,liszt,이거 못 속이겠네.,
scenejan2_33,6,,me,그러게 누가 애초에 속이려고 하래?,
scenejan2_33,7,liszt,,리스트는 작게 웃다가 다시 시선을 돌린다.,
scenejan2_33,8,liszt,liszt,"아까 내가 말한 여자 말야, 그 여자도 내가 거짓말 하면 기가 막히게 알아차리더라.",
scenejan2_33,9,liszt,,"리스트는 신기하게도 그게 별로 불쾌하지 않다는 표정을 하고 있었다. 거짓말을 기가 막히게 알아차리는 사람이라는 게 매력이 될 수도 있구나, 참 신기한 매력 포인트라는 생각이 들었다.",
scenejan2_33,10,,me,그게 좋아?,
scenejan2_33,11,liszt,liszt,아마도. 낱낱이 발가벗겨지는 기분이야. 그런데 오히려 그게 뭐랄까…,
scenejan2_33,12,liszt,liszt,...온 몸에서 긴장이 풀리는 것 같아. 그게 짜릿해.,
scenejan2_33,13,,,꽤나 지적인 여자인 모양이었다. 당신은 적당히 고개를 끄덕여 준다. 파리의 수많은 살롱에 지적인 여자는 너무 차고 넘쳤다. 별로 추려내는 데 도움이 되지 않았다.,
scenejan2_33,14,liszt,,리스트는 손에 든 술통을 만지작거리다가 작게 한숨을 쉬었다.,
scenejan2_33,15,liszt,liszt,"뭐 아무튼, 그래.",
scenejan2_34,1,,,당신은 난간 위에 앉아서 발목을 교차시킨다.,
scenejan2_34,2,,me,그런데 오늘은 혼자서 여기서 궁상맞게 뭐하는 거야? 그 여자랑 뭐가 잘 안 돼?,
scenejan2_34,3,liszt,liszt,"아냐, 그렇다기보다는… 세상에 문제가 사랑만 있는 건 아니잖아.",
scenejan2_34,4,liszt,,리스트는 이마를 짚는다. 침울한 듯도 하고 슬픈 듯도 한 표정이었다.,
scenejan2_34,5,liszt,liszt,가끔 그런 날이 있잖아? 내가 너무 싫은 날. 그럴 때면 여기 와서 그냥 시원하게 돈을 날리고 가.,
scenejan2_34,6,liszt,,그러더니 리스트는 한숨을 쉰다.,
scenejan2_34_choice,1,liszt,liszt,내가 이런 얘기를 왜 그쪽한테 하고 있는지 모르겠네. 갑자기 숨겨뒀던 이야기로 스트립쇼를 하고.,
scenejan2_35,1,,me,"뭐 ‘하인리히 씨’ 가 말했던 여자 말야. 내가 그 여자는 아니겠지만, 대체품 정도는 될 수 있을 것 같아서. 나도 사람들 속을 좀 잘 읽는 편이거든.",
scenejan2_35,2,liszt,,"당신의 말에 리스트가 피식 웃었다. 여전히 우울한 기색이 떠나지는 않은, 약간은 불안한 미소였다.",
scenejan2_35_choice,1,liszt,liszt,그럼 지금 나는 어때 보이는데?,
scenejan2_36,1,liszt,,그 말에 리스트는 웃었다.,
scenejan2_36,2,liszt,,"아니, 웃었다고 할 수 있나?",
scenejan2_36,3,,,그 눈가에 맺힌 눈물이 정말 당신의 말이 웃겨서 맺힌 눈물인 걸까?,
scenejan2_36,4,,,당신은 어떻게 반응해야 할지 몰라서 망설이고 있었다.,
scenejan2_36,5,,,리스트의 웃음소리가 밤하늘 속으로 녹아들어갔다.,
scenejan2_36,6,liszt,liszt,"정말이네, 당신. 사람 속을 잘 읽어.",
scenejan2_36,7,,me,말했잖아. 거짓말 하는 사람 아니야.,
scenejan2_36,8,liszt,,리스트는 손가락으로 눈가에 맺힌 눈물을 훔친 뒤 다시 당신을 내려다본다.,
scenejan2_36_choice,1,liszt,liszt,"그러면 당신 말마따나, 그 ‘대체품’ 이 되어서 내가 몇 게임 하는 동안 같이 있어줄래?",
scenejan2_37,1,liszt,,당시의 매정한 거절에 리스트는 무안하게 어깨를 으쓱한다.,
scenejan2_37,2,liszt,liszt,"알았어. 흥미 없는 사람 붙들고 있을 수는 없지. 그럼 나는 몇 게임 더 하러 가 봐야겠어… 이만. 즐거웠어, 이름 없는 레이디.",
scenejan2_37,3,,,당신은 그렇게 리스트와 헤어져 조용히 집으로 돌아갔다.,
scenejan2_38,1,,,당신은 리스트를 따라 도박장으로 들어간다. 직원들이 당신의 손등에 입장 도장을 찍어준다.,
scenejan2_38,2,,,"값비싸고 휘황찬란한 샹들리에, 룰렛의 쇠구슬이 차르르르 하면서 빨려들어가는 소리, 잔이 쨍, 하고 부딪히는 소리가 들려왔다.",
scenejan2_38,3,,,"사람들이 싸우고, 벌개진 눈으로 ‘한 판 더’ 를 외쳤으며 직원들은 그 와중에도 이 소란이 아주 익숙하다는 듯이 차분하게 잔을 치우고, 카드를 나누어주고 있었다.",
scenejan2_38,4,liszt,liszt,"당신한테 내 이야기는 충분히 했다고 생각하는데, 당신 이야기도 좀 물어봐도 되나? 이런 데는 처음이지?",
scenejan2_38,5,,me,처음이야.,
scenejan2_38_choice,1,liszt,liszt,어쩌다가 이런 데를 올 생각을 했어?,
scenejan2_39,1,liszt,liszt,그 말 굉장히 거짓말처럼 들리는 건 알아?,
scenejan2_39,2,,me,완전히 거짓말을 하지는 않았어.,
scenejan2_40,1,liszt,liszt,후회하고 있어?,
scenejan2_40,2,,me,"응, 내가 생각한 것보다 더… 위험한 곳 같아서.",
scenejan2_40,3,liszt,liszt,"당연한 얘기야, 위험하니까. 그래도 내가 있는 이상 잘 지켜줄게.",
scenejan2_41,1,liszt,,리스트는 익숙하게 아자르 게임을 하는 테이블에 앉는다.,
scenejan2_41,2,,,"가면으로 무장해 전혀 누구인지 짐작도 할 수 없는 광대 옷의 사람 한 명, 콧수염을 달고 앉은 여자 한 명, 매춘부를 무릎에 앉힌, 아마 돈도 별로 없어 보이는 학생 하나가 이미 테이블에 앉아 있었다.",
scenejan2_41,3,,,"도박을 직접 보는 건 처음이었다. 가끔 집에서 하는, 땡전 몇 푼 걸고 하는 놀음 정도가 아닌 이런 본격적인 도박은 처음이었다.",
scenejan2_41,4,,me,많이들 잃나?,
scenejan2_41,5,liszt,liszt,많이 잃지. 워털루 때 누구는 여기서 하룻밤만에 15만 프랑을 잃었어.,
scenejan2_41,6,,,"15만 프랑이라니. 그걸 어떻게 하루만에 날릴 수 있단 말인가? 천문학적인 액수의 돈에 당신의 긴장도가 높아진다. 무도회 입장권 하나가 보통 4프랑 정도 하고, 비싼 모자를 사면 15프랑 정도 하니까…",
scenejan2_41,7,,,…감도 안 왔다.,
scenejan2_41,8,,me,그러면 많이 걸면 안 될 것 같은데?,
scenejan2_41,9,liszt,liszt,괜찮아. 감당할 수 있을 정도만 버리고 가는 셈 치는 거니까.,
scenejan2_41,10,,,그러면서 리스트는 지갑에서 루이 금화를 꺼냈다. 20프랑짜리와 100프랑짜리가 뒤섞여 있었다.,
scenejan2_41,11,,,당신의 목구멍까지 나 주면 안되냐는 소리가 차올랐지만 간신히 참았다.,
scenejan2_41,12,,,딜러가 메인으로 ‘8’ 을 선언했다. 리스트의 반대편에서부터 사람들이 주사위를 두 개씩 쥐고 굴렸다.,
scenejan2_41,13,,,"한 번에 8이 나오는 사람도 있었고, 세 번 연속으로 나와야 하는 숫자가 나오지 않아 돈을 잃는 사람도 있었다.",
scenejan2_41,14,,,몇 번의 라운드가 지났다.,
scenejan2_41,15,,,"리스트는 순서마다 무심하게 동전을 몇 개씩 베팅했고, 삼분의 일 정도를 잃었다.",
scenejan2_41,16,,,"리스트의 차례가 되었다. 메인은 여전히 8이었다. 리스트는 주사위를 몇 번 흔들고, 차르륵, 내려놓았다. 11이었다.",
scenejan2_41,17,liszt,liszt,"씁, 12였으면 닉이었는데.",
scenejan2_41,18,liszt,,리스트가 아쉬워하는 표정으로 중얼거렸다. 단체로 베팅이 시작됐다.,
scenejan2_41,19,liszt,liszt,몇에다가 베팅할까?,
scenejan2_41,20,,me,몇이 좋은 건데?,
scenejan2_41_choice,1,liszt,liszt,"4, 5, 6, 7, 9, 10 중 내가 고른 게 나와야 좋은 거지.",
scenejan2_42,1,liszt,liszt,"4? 그거 나올 확률이 얼마 없는데. 뭐, 상관없어.",
scenejan2_42,2,,,리스트는 가지고 있던 모든 금화를 4에 베팅했다.,
scenejan2_43,1,liszt,liszt,7? 좋아. 잃어도 적게 잃어야지.,
scenejan2_43,2,,,리스트는 가지고 있던 모든 금화를 7에 베팅했다.,
scenejan2_44,1,liszt,liszt,9? 나쁘지 않네.,
scenejan2_44,2,,,리스트는 가지고 있던 모든 금화를 9에 베팅했다.,
scenejan2_45_4,1,,,베팅이 완료되었다. 모두가 리스트의 손을 빤히 바라보았다. 길고 가는 손가락이 주사위를 꽉 쥐어 주먹을 만들었다. 그러더니 리스트가 당신에게로 몸을 돌렸다.,
scenejan2_45_4,2,liszt,liszt,행운을 불어 줘.,
scenejan2_45_4,3,liszt,,순간 그것이 무슨 뜻인지 파악하지 못한 당신은 잠깐 멍하게 리스트를 바라본다.,
scenejan2_45_4_choice,1,liszt,liszt,"초심자의 행운이든, 연인의 행운이든 뭐든 좋아. 지금 당신이 내 행운의 여신이거든.",
scenejan2_45_7,1,,,베팅이 완료되었다. 모두가 리스트의 손을 빤히 바라보았다. 길고 가는 손가락이 주사위를 꽉 쥐어 주먹을 만들었다. 그러더니 리스트가 당신에게로 몸을 돌렸다.,
scenejan2_45_7,2,liszt,liszt,행운을 불어 줘.,
scenejan2_45_7,3,liszt,,순간 그것이 무슨 뜻인지 파악하지 못한 당신은 잠깐 멍하게 리스트를 바라본다.,
scenejan2_45_7_choice,1,liszt,liszt,"초심자의 행운이든, 연인의 행운이든 뭐든 좋아. 지금 당신이 내 행운의 여신이거든.",
scenejan2_45_9,1,,,베팅이 완료되었다. 모두가 리스트의 손을 빤히 바라보았다. 길고 가는 손가락이 주사위를 꽉 쥐어 주먹을 만들었다. 그러더니 리스트가 당신에게로 몸을 돌렸다.,
scenejan2_45_9,2,liszt,liszt,행운을 불어 줘.,
scenejan2_45_9,3,liszt,,순간 그것이 무슨 뜻인지 파악하지 못한 당신은 잠깐 멍하게 리스트를 바라본다.,
scenejan2_45_9_choice,1,liszt,liszt,"초심자의 행운이든, 연인의 행운이든 뭐든 좋아. 지금 당신이 내 행운의 여신이거든.",
scenejan2_46,1,,,당신은 질색팔색하는 표정을 지으며 고개를 저었다.,
scenejan2_46,2,liszt,liszt,"하하하, 그렇게까지 싫어할 건 없잖아. 행운의 여신 같은 거 안 믿는구나, 당신.",
scenejan2_46,3,liszt,,"리스트는 주먹을 쥐고, 자신의 주먹 쥔 손에 숨을 후, 불어넣는다.",
scenejan2_46,4,,,"그러고 리스트는 주사위를 도르륵, 굴렸다.",
scenejan2_46,5,,,6이었다.,
scenejan2_46,6,,,리스트는 이마를 짚으며 ‘끄응’ 하는 소리를 냈다.,
scenejan2_46,7,liszt,liszt,다 잃었네.,
scenejan2_46_choice,8,liszt,,리스트는 조금 시무룩한 표정으로 주사위를 다음 사람에게 넘겨주고 자리에서 일어난다.,
scenejan2_46_4,1,,,"당신은 리스트의 주사위를 후, 분다.",
scenejan2_46_4,2,liszt,,리스트는 씩 웃으면서 뒤를 돌아본다.,
scenejan2_46_4,3,liszt,liszt,지면 당신 책임이야.,
scenejan2_46_4,4,,me,그런 얘기 없었잖아!,
scenejan2_46_4,5,liszt,,"당신의 항변에 아랑곳하지 않고, 리스트는 쾌활하게 웃으면서 주사위를 굴린다.",
scenejan2_46_7,1,,,"당신은 리스트의 주사위를 후, 분다.",
scenejan2_46_7,2,liszt,,리스트는 씩 웃으면서 뒤를 돌아본다.,
scenejan2_46_7,3,liszt,liszt,지면 당신 책임이야.,
scenejan2_46_7,4,,me,그런 얘기 없었잖아!,
scenejan2_46_7,5,liszt,,"당신의 항변에 아랑곳하지 않고, 리스트는 쾌활하게 웃으면서 주사위를 굴린다.",
scenejan2_46_9,1,,,"당신은 리스트의 주사위를 후, 분다.",
scenejan2_46_9,2,liszt,,리스트는 씩 웃으면서 뒤를 돌아본다.,
scenejan2_46_9,3,liszt,liszt,지면 당신 책임이야.,
scenejan2_46_9,4,,me,그런 얘기 없었잖아!,
scenejan2_46_9,5,liszt,,"당신의 항변에 아랑곳하지 않고, 리스트는 쾌활하게 웃으면서 주사위를 굴린다.",
scenejan2_47,1,,,4였다.,
scenejan2_47,2,liszt,liszt,"다 잃었네. 큰일이야, 이거-",
scenejan2_47_choice,1,liszt,,리스트는 아무렇지도 않게 웃으면서 자리에서 일어난다.,
scenejan2_48,1,,,4였다.,
scenejan2_48,2,,,"딜러가 리스트가 베팅한 액수를 확인하고, 1.6배를 가산해 돌려준다. 순식간에 금화주머니가 확 무거워졌다.",
scenejan2_48,3,liszt,liszt,역시 당신은 행운의 여신이 맞아.,
scenejan2_48,4,,,"다른 도박꾼들이 4가 어떻게 나오냐면서 항의하고, 가지고 있던 돈을 거의 다 잃은 가난한 대학생은 자리에서 일어나 리스트의 멱살이라도 잡을 기세였다. 상황이 험악해지려는 순간,",
scenejan2_49,1,,,"괜찮아, 또 다음이 있으니까.",
scenejan2_49,2,liszt,liszt,"그러면서 리스트는 오히려 위로해주듯 당신의 등을 두드려 주었다. 그때,",
scenejan2_50,1,,,누군가가 외쳤다.,
scenejan2_50,2,???,???,단속 떴다!,
scenejan2_50,3,,,그 소리에 도박장의 모든 사람들이 일제히 패닉했다. ,
scenejan2_50,4,,,"팔레 루아얄 자체의 도박은 합법이었지만, 어차피 풍기문란을 단속한다는 목적 하에 수많은 사람들이 불법 도박, 사기 도박, 매춘 등의 누명을 쓰거나…또는 제대로 된 혐의로 잡혀갔기 때문이었다.",
scenejan2_50,5,,,당연히 그냥 평범하게 게임을 즐기고 있던 리스트나 당신 같은 사람들도 단속이 뜨면 일단 서에 다녀와야 했다.,
scenejan2_50,6,,,"젠장, 하필 오늘 단속을 할 게 뭐야! 방금 딴 참이었는데! 빚쟁이 놈아, 어디로 뛰어가는 거야! 같은 소리들이 난무했고, 도박장은 순식간에 아비규환이 되었다.",
scenejan2_50,7,liszt,liszt,이리로 와!,
scenejan2_50_choice,1,liszt,,리스트가 왼쪽 출구에서 손짓했다. 오른쪽 출구가 더 가까워 보였다. 어떻게 해야 할까…,
scenejan2_51,1,,me,갈라지는 게 더 빨라! 리스트 당신이나 도망가!,
scenejan2_51,2,liszt,,"그의 진짜 이름을 말하자 리스트가 잠시 멈칫, 한다. 하지만 이내 생각을 떨치려는 듯 고개를 절레절레 젓고, 왼쪽 출구로 사라진다.",
scenejan2_51,3,,,당신도 단속을 피해 오른쪽 출구로 도망친다.,
scenejan2_51,4,,,"눈물이 나게도, 단속반은 당신을 불법 영업 중이던 매춘부로 오해한 것 같았다.",
scenejan2_51,5,,,그래도 도박장 쪽을 기습했기 때문에 여자들보다는 남자들이 주 단속의 대상이었는지 오래 따라오지는 않았다.,
scenejan2_51,6,,,"당신은 트라베르시에르 가, 생로흐 가 할 것 것 없이 사방팔방으로 뛰어다닌다.",
scenejan2_51,7,,,"이제 좀 따돌렸나, 하고 쉬렌 가 구석에서 숨을 돌리고 있을 때 두 번째 시련이 찾아온다.",
scenejan2_51,8,,,"새벽 세 시의 파리, 거리에 나와 있는 사람들 중에 제정신인 사람은 사실상 없다고 봐야 했다.",
scenejan2_51,9,thug1,thug1,"거 아가씨, 재밌게 해 준다니까 그래?",
scenejan2_51,10,thug2,thug2,왜 이렇게 비싸게 굴어.,
scenejan2_51,11,,,저렴한 멘트에 당신은 이마를 짚는다. 삼류 건달들이었다.,
scenejan2_51,12,thug1,thug1,허 참 좋은 카니발 기간에 이렇게 빡빡할 거 없잖아.,
scenejan2_51,13,,me,그쪽들이 좀 더 잘생기고 몸 좋았으면 생각해 봤겠지.,
scenejan2_51,14,,,당신은 그렇게 쏘아붙이고는 빠른걸음으로 남자들을 뒤로하고 거리를 걷는다.,
scenejan2_51,15,thug2,thug2,남자 좀 만나봤나봐? 킬킬킬.,
scenejan2_51,16,,,기분이 나빴다.,
scenejan2_51,17,,,이 상황을 어떻게 해결하면 좋을지 당신은 고민해본다.,
scenejan2_51,18,,,치안대에 신고를 해 볼까. 하지만 아직 손등에 카지노 입장 도장이 남아 있지 않던가.,
scenejan2_51,19,,,혼자 힘으로 어떻게든 해볼까나. 총도 혹시 몰라서 들고 오긴 했다.,
scenejan2_51,20,,,"그렇게 당신이 고민하고 있을 때, 부이몽 호텔에서 익숙한 실루엣이 나왔다.",
scenejan2_51,21,,,"살짝 취한 듯 비틀거리는 걸음걸이였지만, 별이 총총한 파리의 밤하늘에 녹아들 것처럼 검은 머리칼에 마찬가지로 새까만 케이프의 연미복은 의심의 여지 없는 펠릭스 멘델스존이었다.",
scenejan2_51_choice,22,,,어쩌면 그에게 도움을 청하면 편하게 문제가 해결될지도 모르는 일이었다.,
scenejan2_56,1,,,당신은 빠른 걸음으로 그에게 뛰어간다.,
scenejan2_56,2,,me,"저기요, 나 좀 도와줘요.",
scenejan2_56,3,,,멘델스존은 술이 덜 깬 모양이었다. 그는 관자놀이와 이마를 꾹꾹 누르면서 손 틈새로 당신을 내려다보았다.,
scenejan2_56,4,mendelssohn,mendelssohn,어떤…곤경에 처하신 건지요? 그리고 실례지만 저를 혹시 알고 계시는지…,
scenejan2_56_choice,1,,,윽. 그렇다… 지금은 카니발이었고 당신은 팔레 루아얄의 가면무도회에 참석하겠다고 앞서 부이몽 호텔의 파티 때 입었던 옷을 완전히 반대 이미지로 갈아입고 나온 참이었다. ,
scenejan2_52,1,,,"당신은 치맛자락을 붙잡고 리스트가 있는 쪽으로 젖먹던 힘을 다해 달린다. 당신이 가까워지자 리스트가 당신의 손목을 세게 붙잡았고, 당신과 리스트는 정신없이 팔레 루아얄의 긴 회랑을 내달린다.",
scenejan2_52,2,liszt,liszt,"잘 뛰네, 당신?",
scenejan2_52,3,,me,"잘 못 뛰면 잡히는데, 어떻게든 잘 뛰어 봐야지!",
scenejan2_52,4,,,당신과 리스트는 골목골목 사이를 요리조리 숨어 다니며 오페라 극장 쪽으로 뛰어간다.,
scenejan2_52,5,,,"적당히 좁고, 적당히 눈에 띄지 않는 골목에서 당신과 리스트는 숨을 고르기 위해 멈춘다.",
scenejan2_52,6,,,리스트가 가쁘게 숨을 몰아쉬었다.,
scenejan2_52,7,,,당신도 심호흡하며 숨을 골랐다.,
scenejan2_52,8,,me,갔나?,
scenejan2_52,9,,,리스트가 ‘아마도’ 라는 뜻으로 헉헉거리며 고개를 끄덕였다.,
scenejan2_52,10,,me,지금 몇 시더라?,
scenejan2_52,11,,,리스트가 어둠 속에서 더듬거리며 시계를 꺼냈다.,
scenejan2_52,12,liszt,liszt,"안 보여. 젠장, 안경을 갖고 왔어야 했는데.",
scenejan2_52,13,,,당신은 리스트의 손에서 시계를 빼앗아 시각을 확인한다. 새벽 네 시가 되기 1분 전이었다.,
scenejan2_52,14,,,곧바로 저 멀리서 노트르담과 생트 샤펠의 종소리가 뒤섞이며 울려퍼졌다.,
scenejan2_52_choice,1,,,"새벽 네 시면 으레 그래야 하듯, 리스트가 가면을 벗었다.",
scenejan2_53,1,,,"당신은 가면을 들어올렸다. 드러난 당신의 얼굴을 보던 리스트가 긴가민가하다는 듯이 얼굴을 살짝 찌푸렸다가, 놀람으로 눈이 커진다.",
scenejan2_53,2,,me,짜잔. 놀랐어요?,
scenejan2_53,3,liszt,liszt,...,
scenejan2_53,4,,,이렇게까지 당황하는 리스트의 모습은 처음인 것 같았다. 빨개진 얼굴을 보니 어지간히 당황한 모양이었다.,
scenejan2_53,5,liszt,liszt,베시에르 양이었어요?,
scenejan2_53,6,,me,의외죠? 내가 변장을 꽤 잘 했나 보네요.,
scenejan2_53,7,,,리스트의 입에서 헛웃음이 새어나온다.,
scenejan2_53,8,liszt,liszt,"아니, 머리도… 당연히 가발이었을 텐데, 하, 내가 이렇게 바보인 줄 몰랐네요.",
scenejan2_53,9,,me,그만큼 내가 뛰어났을 뿐이에요. 자책 마세요.,
scenejan2_53,10,,,당신은 싱긋 웃는다. 리스트는 두 손에 얼굴을 파묻고 작은 신음 소리를 낸다.,
scenejan2_53,11,liszt,liszt,"아니 그러면 내가, 베시에르 양한테…",
scenejan2_53,12,,me,나한테 뭘요?,
scenejan2_53,13,liszt,liszt,"아무것도… 내가 미쳤지, 진짜… 술을 끊어야겠어요. 이게 다 술 때문이야…",
scenejan2_53,14,,,그러고서 리스트는 뒤돌아서 벽에 얼굴을 묻고 ‘으으으윽!’ 하는 소리를 낸다. 뭔가 당신에게 해서는 안 됐던 이야기를 했다고 생각하는 모양이었다.,
scenejan2_53,15,,me,"괜찮아요, 가면무도회였잖아요!",
scenejan2_53,16,liszt,liszt,그런 게 아녜요. 하… 진짜 오늘은 그냥 없던 걸로 하면 안 돼요?,
scenejan2_53,17,,me,난 즐거웠는데요.,
scenejan2_53,18,,,리스트는 마른세수를 하면서 머리를 몇 번 벽에 박았다.,
scenejan2_53,19,,,"수치스러워 하는 리스트와, 이제 막 숙취에서 깨어나는 주정뱅이들, 전날의 격렬한 정사에서 추레한 꼴로 헤어나오는 난봉꾼들 사이로 당신의 웃음소리가 울려퍼졌다.",
scenejan2_54,1,liszt,liszt,"뭐야, 끝까지 누구인지 안 알려줄 생각이야?",
scenejan2_54,2,,me,당신의 미모를 보니까 가면을 벗으면 내가 초라해질 것 같아서.,
scenejan2_54,3,liszt,liszt,"하하하! 정말 재밌네, 당신.",
scenejan2_54,4,,,"그래도 굳이 당신이 누군지 캐물을 생각은 없었는지, 리스트는 잠시 여전히 가면을 쓴 당신을 바라보다가 손을 내민다.",
scenejan2_54,5,liszt,liszt,만나서 즐거웠어. 이름 모를 레이디.,
scenejan2_54,6,,me,"마찬가지로, 프란츠 리스트 씨.",
scenejan2_54,7,,,"리스트는 당신의 손을 들어올려 손등에 입을 맞춘다. 당신은 그런 리스트를 향해 고개를 까딱, 해보인 뒤 마차를 타고 집으로 돌아갔다.",
scenejan2_55_2,1,,,"물론, 집에 돌아간 당신은 시마노프스카의 진노라는 엄청난 불이익을 감수해야 했고…",
scenejan2_55_2,2,,, 이 모험의 결과로 시마노프스카를 동행하지 않은 일체의 출입이 금지되었다. 그것도 이 즐거운 카니발 기간에!,
scenejan2_55,1,,,"물론, 집에 돌아간 당신은 시마노프스카의 진노라는 엄청난 불이익을 감수해야 했고…",
scenejan2_55,2,,, 이 모험의 결과로 시마노프스카를 동행하지 않은 일체의 출입이 금지되었다. 그것도 이 즐거운 카니발 기간에!,
scenejan1_20,1,,,옷을 바꿔입으니 유리창에 비친 당신은 당신도 몰라볼 정도로 달라져 있었다.,
scenejan1_20,2,,,당신은 경쾌한 발걸음으로 생토노레 가를 따라 쭉 걸어간다. 곳곳에서 술에 취한 사람들이 왁자지껄하게 떠들며 다음 번 만남을 기약하고 있었다.,
scenejan1_20,3,,,"두려움 때문일까, 설렘 때문일까, 가슴이 마구 뛰었다.",
scenejan1_20,4,,,"기다란 회랑, 불 꺼진 카페와 레스토랑들. 그럼에도 그곳은 파리의 다른 조용한 집들과는 비교가 되지 않게 밝았다.",
scenejan1_20,5,,,그야말로 불야성이었다.,
scenejan1_20,6,,,교태어린 미소를 지으며 대목에서 좋은 건수를 노리는 매춘부들의 간드러진 목소리가 여기저기서 들려왔다.,
scenejan1_20,7,,,그들이 입고 있는 옷만으로는 그들이 매춘부라는 걸 짐작할 수도 없었다. 비싸고 호화스러워 보이는 옷이었다.,
scenejan1_20,8,,,"군복, 값비싼 테일코트, 다 해진 프록코트, 심지어는 사제복까지 다양한 옷이 그 유혹에 넘어갔다.",
scenejan1_20_choice,1,,,보지 않으려 해도 얼핏얼핏 눈가에 들어오는 그 광경은 생각보다 역해서 당신은 서둘러 2층으로 올라간다.,
scenejan1_21,1,,,확실히 이곳은 달랐다. 대부분의 사람들이 은밀했고 얼굴을 숨기고 있었다.,
scenejan1_21,2,,,무도회장의 구석에서는 남녀가 누구라 할 것 없이 끈적하게 얽혀서 가면을 들추며 숨가쁘게 몸을 섞었다.,
scenejan1_21,3,,,사람들은 보통 허락되는 것보다 훨씬 가까이에서 몸을 붙이고 왈츠를 추었다.,
scenejan1_21,4,,,당신은 침을 꿀꺽 삼켰다.,
scenejan1_21,5,,,그때 베네치아의 카니발 가면을 흉내낸 듯한 사람이 당신에게 와서 손을 까딱까딱 했다.,
scenejan1_21,6,,me,네?,
scenejan1_21,7,,,"남자는 당신에게 표를 달라고 한다. 당신은 주머니를 뒤적거려 보다가, 옷을 갈아입으면서 표를 놓고 왔다는 걸 떠올린다. 아뿔싸!",
scenejan1_21,8,,,"이대로 쫓겨나는 건가, 어떻게 해야 하지, 하고 마음속으로 발만 동동 구르고 있을 때 누군가가 당신의 어깨에 손을 올린다.",
scenejan1_21,9,???,???,내 동행인이에요.,
scenejan1_21,10,,,어딘가 익숙한 목소리였다. 당신은 천천히 고개를 돌려 뒤를 돌아본다.,
scenejan1_21,11,,,"얼굴을 숨길 생각도 없는 하프마스크 너머로 보이는 푸른 눈. 찰랑거리는 금발과 저 자신만만한, 나른한 미소.",
scenejan1_21_choice,12,,,백 미터 밖에서 봐도 프란츠 리스트였다.,
scenejan1_22,1,liszt,liszt,"미안해, 자기. 나 때문에 화 많이 났어?",
scenejan1_22,2,liszt,,"리스트는 자연스럽게 당신의 허리를 감싸안는다. 소름이 오소소, 돋았지만 아주 싫은 감각은 아니었다.",
scenejan1_22,3,liszt,liszt,"말이 없네, 그 정도로 화난 거야? 술냄새 풍기는 남자는 싫다 이거지?",
scenejan1_22,4,liszt,,그러면서 리스트는 당신의 옆구리를 간질였다. 얼굴이 붉게 달아올랐다. 가면을 쓰고 있어서 다행이었다.,
scenejan1_23,1,liszt,liszt,그래도 늦을 만한 이유가 있었다고. 옆방에서 싸움이 붙어서 말리느라 자기가 온 줄도 몰랐네. 안 들키고 잘 나왔어?,
scenejan1_23,2,liszt,,너무나도 이런 곳에 익숙한 사람의 어조. 모르는 사람이 보면 정말로 당신이 리스트와 연인 사이라고 생각할 것이다.,
scenejan1_23,3,,me,안 들켰어. 그러니까 그렇게 걱정하지 마.,
scenejan1_23,4,,,처음에는 미심쩍인 얼굴이었던 검표원은 리스트와 당신의 말도 안 되게 자연스러운 연기를 보고 고개를 끄덕인다.,
scenejan1_23,5,,,신사 분께서 그렇게 말씀하신다면… 들어가시죠.,
scenejan1_23,6,liszt,liszt,"아니, 됐어요. 그렇게 춤추는 걸 좋아하지 않아서.",
scenejan1_23,7,,,"리스트는 그렇게 인사하고는, 당신을 데리고 회랑에서 멈춘다.",
scenejan1_23,8,,,그의 팔이 당신의 허리에서 스르륵 풀린다.,
scenejan1_23_choice,1,liszt,liszt,"미안, 아까 보니까 급해 보이길래 물어보지도 않고 끼어들어 버렸네.",
scenejan1_24,1,liszt,liszt,응? 당연히 당신이 누군지 내가 알 리가 없지.,
scenejan1_24,2,liszt,,리스트는 웃으며 두 손을 들어올린다.,
scenejan1_24,3,liszt,liszt,그런데 레이디가 곤경에 처한 걸 가만 두고 가만 있는 성격은 아니라서 오지랖 좀 부려 봤어.,
scenejan1_25,1,,,그러고서 리스트는 또 크게 웃음을 터뜨렸다. 쌀쌀한 겨울바람이 회랑 사이로 파고들었다.,
scenejan1_25,2,,,그에게서는 코냑과 와인이 섞인 냄새가 났다. 이미 한참 취하고도 남은 것 같았다.,
scenejan1_25,3,,me,취했네.,
scenejan1_25,4,liszt,liszt,"걱정해 주는 거야? 레이디, 지금 걱정받아야 할 건 내가 아니라 그쪽이야.",
scenejan1_25,5,liszt,,리스트는 주머니에서 술통을 꺼내더니 또 한 모금을 들이킨다.,
scenejan1_25_choice,1,liszt,liszt,어리버리한 게 험한 꼴 당하기 딱 좋아 보아서 그래. 귀부인인지 아가씨인지 모르겠지만 집에 가.,
scenejan1_26,1,liszt,,리스트가 폭소한다.,
scenejan1_26,2,liszt,liszt,"하하하, 이거 웃긴 사람이네?",
scenejan1_27,1,liszt,liszt,"그래, 걱정해 주는 거야. 나도 나름 놈팽이긴 하지만 여자를 사고팔 정도로 질이 나쁘지는 않다고.",
scenejan1_27,2,,,"하기사 리스트 정도의 얼굴이면 여자를 왜 사야겠는가, 가만히 있어도 여자들이 발치에 무릎을 꿇을 텐데.",
scenejan1_28,1,,,당신은 어깨를 으쓱하며 리스트의 손에 들린 술통을 빼앗아 가면 아래로 한 모금을 들이킨다.,
scenejan1_28,2,,me,자기 입으로 얘기했잖아? 아까 옆방에서 싸움 붙었다면서. 그런 데 휘말렸다가는 그쪽도 똑같이 위험하지 뭐.,
scenejan1_28,3,liszt,,가면 너머로 리스트의 눈이 취한 와중에도 반짝반짝 빛났다. 달빛 아래 그의 푸른 눈은 마치 신비로운 보석 같았다. 리스트는 난간에 턱을 괸 채로 당신을 바라본다.,
scenejan1_28,4,liszt,liszt,"꽤나 맘에 들어, 당신.",
scenejan1_28,5,,me,난봉꾼.,
scenejan1_28,6,liszt,liszt,"아니, 걱정은 하지 마. 당신보다 조금 더 마음에 드는 여자가 있으니까 당신은 안 건드려.",
scenejan1_28,7,,me,의외의 순정남이네.,
scenejan1_28,8,liszt,liszt,"순정남, 까지는 너무 거창한 것 같고. 그냥 관심이 많이 가는 사람이야. 그 정도.",
scenejan1_28,9,,,당신은 리스트가 ‘조금 더 마음에’ 들어하는 여자가 누구인지 조금 궁금해졌다.,
scenejan1_28_choice,1,,,어떤 스무고개로 정보를 캐내 볼까.,
scenejan1_29,1,liszt,liszt,"아니, 차라리 그랬으면 더 편했을걸. 유부녀들 꼬시는 방법에는 일가견이 있어.",
scenejan1_29,2,,me,그런데 그 여자는 아니다.,
scenejan1_29,3,liszt,liszt,그렇지. 그래서 더 어렵네. 오히려 더 조심스러워진달까.,
scenejan1_29,4,,,"리스트는 발코니 밖, 은은한 가스등 위로 얼핏얼핏 보이는 별들을 바라본다.",
scenejan1_29,5,,,"꿈을 꾸는 듯한 눈을 보니, 생각보다 리스트가 마음을 많이 쓰고 있는 사람인 모양이었다.",
scenejan1_29,6,,me,그 여자가 다른 남자를 좋아하기라도 해?,
scenejan1_29,7,liszt,liszt,모르겠어. 그럴 가능성이 없지는 않지.,
scenejan1_29,8,,me,어장관리 당하고 있는 거야?,
scenejan1_29,9,,,리스트는 웃음을 터뜨린다.,
scenejan1_29,10,liszt,liszt,말이 심해. 그런 여자는 아니야.,
scenejan1_29,11,liszt,,그러다가 리스트는 헛웃음을 터뜨리며 뺨을 문질렀다.,
scenejan1_29,12,liszt,liszt,처음 만난 사람한테 내가 무슨 얘기를 하고 있나 모르겠다.,
scenejan1_29,13,,me,처음 만난 사람이니까 오히려 되는 거지. 나는 당신 이름도 모르잖아. 어디 가서 안 떠벌리고 다녀.,
scenejan1_30,1,liszt,liszt,말을 정말 잘 해.,
scenejan1_30,2,liszt,,"리스트는 발코니 밖, 은은한 가스등 위로 얼핏얼핏 보이는 별들을 바라본다.",
scenejan1_30,3,liszt,,"꿈을 꾸는 듯한 눈을 보니, 생각보다 리스트가 마음을 많이 쓰고 있는 사람인 모양이었다.",
scenejan1_30,4,,me,그리고 또?,
scenejan1_30,5,liszt,liszt,음…오늘 처음 만난 사람한테 이런 이야기를 해도 될까 모르겠네.,
scenejan1_30,6,,me,처음 만난 사람이니까 오히려 되는 거지. 나는 당신 이름도 모르잖아. 어디 가서 안 떠벌리고 다녀.,
scenejan1_31,1,liszt,liszt,얼마 안 됐어.,
scenejan1_31,2,,me,정확하게 얼마?,
scenejan1_31,3,liszt,liszt,그것까지 얘기하면 그 여자가 너무 특정되는데.,
scenejan1_31,4,,me,난 당신이 누군지 모른다니까.,
scenejan1_32,1,liszt,,리스트는 씩 미소지으며 턱을 괸 채로 당신을 바라본다.,
scenejan1_32_choice,1,liszt,liszt,알려줄까? 이름.,
scenejan1_33,1,,me,"뭐야, 그거. 진짜 이름도 아니잖아.",
scenejan1_33,2,liszt,liszt,그걸 어떻게 알아?,
scenejan1_33,3,,me,너무 고민도 없이 이야기했잖아.,
scenejan1_33,4,,me,그리고 파우스트에서 따온 이름인 걸 누가 모를 줄 알고.,
scenejan1_33,5,liszt,liszt,이거 못 속이겠네.,
scenejan1_33,6,,me,그러게 누가 애초에 속이려고 하래?,
scenejan1_33,7,liszt,,리스트는 작게 웃다가 다시 시선을 돌린다.,
scenejan1_33,8,liszt,liszt,"아까 내가 말한 여자 말야, 그 여자도 내가 거짓말 하면 기가 막히게 알아차리더라.",
scenejan1_33,9,liszt,,"리스트는 신기하게도 그게 별로 불쾌하지 않다는 표정을 하고 있었다. 거짓말을 기가 막히게 알아차리는 사람이라는 게 매력이 될 수도 있구나, 참 신기한 매력 포인트라는 생각이 들었다.",
scenejan1_33,10,,me,그게 좋아?,
scenejan1_33,11,liszt,liszt,아마도. 낱낱이 발가벗겨지는 기분이야. 그런데 오히려 그게 뭐랄까…,
scenejan1_33,12,liszt,liszt,...온 몸에서 긴장이 풀리는 것 같아. 그게 짜릿해.,
scenejan1_33,13,,,꽤나 지적인 여자인 모양이었다. 당신은 적당히 고개를 끄덕여 준다. 파리의 수많은 살롱에 지적인 여자는 너무 차고 넘쳤다. 별로 추려내는 데 도움이 되지 않았다.,
scenejan1_33,14,liszt,,리스트는 손에 든 술통을 만지작거리다가 작게 한숨을 쉬었다.,
scenejan1_33,15,liszt,liszt,"뭐 아무튼, 그래.",
scenejan1_34,1,,,당신은 난간 위에 앉아서 발목을 교차시킨다.,
scenejan1_34,2,,me,그런데 오늘은 혼자서 여기서 궁상맞게 뭐하는 거야? 그 여자랑 뭐가 잘 안 돼?,
scenejan1_34,3,liszt,liszt,"아냐, 그렇다기보다는… 세상에 문제가 사랑만 있는 건 아니잖아.",
scenejan1_34,4,liszt,,리스트는 이마를 짚는다. 침울한 듯도 하고 슬픈 듯도 한 표정이었다.,
scenejan1_34,5,liszt,liszt,가끔 그런 날이 있잖아? 내가 너무 싫은 날. 그럴 때면 여기 와서 그냥 시원하게 돈을 날리고 가.,
scenejan1_34,6,liszt,,그러더니 리스트는 한숨을 쉰다.,
scenejan1_34_choice,1,liszt,liszt,내가 이런 얘기를 왜 그쪽한테 하고 있는지 모르겠네. 갑자기 숨겨뒀던 이야기로 스트립쇼를 하고.,
scenejan1_35,1,,me,"뭐 ‘하인리히 씨’ 가 말했던 여자 말야. 내가 그 여자는 아니겠지만, 대체품 정도는 될 수 있을 것 같아서. 나도 사람들 속을 좀 잘 읽는 편이거든.",
scenejan1_35,2,liszt,,"당신의 말에 리스트가 피식 웃었다. 여전히 우울한 기색이 떠나지는 않은, 약간은 불안한 미소였다.",
scenejan1_35_choice,1,liszt,liszt,그럼 지금 나는 어때 보이는데?,
scenejan1_36,1,liszt,,그 말에 리스트는 웃었다.,
scenejan1_36,2,liszt,,"아니, 웃었다고 할 수 있나?",
scenejan1_36,3,,,그 눈가에 맺힌 눈물이 정말 당신의 말이 웃겨서 맺힌 눈물인 걸까?,
scenejan1_36,4,,,당신은 어떻게 반응해야 할지 몰라서 망설이고 있었다.,
scenejan1_36,5,,,리스트의 웃음소리가 밤하늘 속으로 녹아들어갔다.,
scenejan1_36,6,liszt,liszt,"정말이네, 당신. 사람 속을 잘 읽어.",
scenejan1_36,7,,me,말했잖아. 거짓말 하는 사람 아니야.,
scenejan1_36,8,liszt,,리스트는 손가락으로 눈가에 맺힌 눈물을 훔친 뒤 다시 당신을 내려다본다.,
scenejan1_36_choice,1,liszt,liszt,"그러면 당신 말마따나, 그 ‘대체품’ 이 되어서 내가 몇 게임 하는 동안 같이 있어줄래?",
scenejan1_37,1,liszt,,당시의 매정한 거절에 리스트는 무안하게 어깨를 으쓱한다.,
scenejan1_37,2,liszt,liszt,"알았어. 흥미 없는 사람 붙들고 있을 수는 없지. 그럼 나는 몇 게임 더 하러 가 봐야겠어… 이만. 즐거웠어, 이름 없는 레이디.",
scenejan1_37,3,,,당신은 그렇게 리스트와 헤어져 조용히 집으로 돌아갔다.,
scenejan1_38,1,,,당신은 리스트를 따라 도박장으로 들어간다. 직원들이 당신의 손등에 입장 도장을 찍어준다.,
scenejan1_38,2,,,"값비싸고 휘황찬란한 샹들리에, 룰렛의 쇠구슬이 차르르르 하면서 빨려들어가는 소리, 잔이 쨍, 하고 부딪히는 소리가 들려왔다.",
scenejan1_38,3,,,"사람들이 싸우고, 벌개진 눈으로 ‘한 판 더’ 를 외쳤으며 직원들은 그 와중에도 이 소란이 아주 익숙하다는 듯이 차분하게 잔을 치우고, 카드를 나누어주고 있었다.",
scenejan1_38,4,liszt,liszt,"당신한테 내 이야기는 충분히 했다고 생각하는데, 당신 이야기도 좀 물어봐도 되나? 이런 데는 처음이지?",
scenejan1_38,5,,me,처음이야.,
scenejan1_38_choice,1,liszt,liszt,어쩌다가 이런 데를 올 생각을 했어?,
scenejan1_39,1,liszt,liszt,그 말 굉장히 거짓말처럼 들리는 건 알아?,
scenejan1_39,2,,me,완전히 거짓말을 하지는 않았어.,
scenejan1_40,1,liszt,liszt,후회하고 있어?,
scenejan1_40,2,,me,"응, 내가 생각한 것보다 더… 위험한 곳 같아서.",
scenejan1_40,3,liszt,liszt,"당연한 얘기야, 위험하니까. 그래도 내가 있는 이상 잘 지켜줄게.",
scenejan1_41,1,liszt,,리스트는 익숙하게 아자르 게임을 하는 테이블에 앉는다.,
scenejan1_41,2,,,"가면으로 무장해 전혀 누구인지 짐작도 할 수 없는 광대 옷의 사람 한 명, 콧수염을 달고 앉은 여자 한 명, 매춘부를 무릎에 앉힌, 아마 돈도 별로 없어 보이는 학생 하나가 이미 테이블에 앉아 있었다.",
scenejan1_41,3,,,"도박을 직접 보는 건 처음이었다. 가끔 집에서 하는, 땡전 몇 푼 걸고 하는 놀음 정도가 아닌 이런 본격적인 도박은 처음이었다.",
scenejan1_41,4,,me,많이들 잃나?,
scenejan1_41,5,liszt,liszt,많이 잃지. 워털루 때 누구는 여기서 하룻밤만에 15만 프랑을 잃었어.,
scenejan1_41,6,,,"15만 프랑이라니. 그걸 어떻게 하루만에 날릴 수 있단 말인가? 천문학적인 액수의 돈에 당신의 긴장도가 높아진다. 무도회 입장권 하나가 보통 4프랑 정도 하고, 비싼 모자를 사면 15프랑 정도 하니까…",
scenejan1_41,7,,,…감도 안 왔다.,
scenejan1_41,8,,me,그러면 많이 걸면 안 될 것 같은데?,
scenejan1_41,9,liszt,liszt,괜찮아. 감당할 수 있을 정도만 버리고 가는 셈 치는 거니까.,
scenejan1_41,10,,,그러면서 리스트는 지갑에서 루이 금화를 꺼냈다. 20프랑짜리와 100프랑짜리가 뒤섞여 있었다.,
scenejan1_41,11,,,당신의 목구멍까지 나 주면 안되냐는 소리가 차올랐지만 간신히 참았다.,
scenejan1_41,12,,,딜러가 메인으로 ‘8’ 을 선언했다. 리스트의 반대편에서부터 사람들이 주사위를 두 개씩 쥐고 굴렸다.,
scenejan1_41,13,,,"한 번에 8이 나오는 사람도 있었고, 세 번 연속으로 나와야 하는 숫자가 나오지 않아 돈을 잃는 사람도 있었다.",
scenejan1_41,14,,,몇 번의 라운드가 지났다.,
scenejan1_41,15,,,"리스트는 순서마다 무심하게 동전을 몇 개씩 베팅했고, 삼분의 일 정도를 잃었다.",
scenejan1_41,16,,,"리스트의 차례가 되었다. 메인은 여전히 8이었다. 리스트는 주사위를 몇 번 흔들고, 차르륵, 내려놓았다. 11이었다.",
scenejan1_41,17,liszt,liszt,"씁, 12였으면 닉이었는데.",
scenejan1_41,18,liszt,,리스트가 아쉬워하는 표정으로 중얼거렸다. 단체로 베팅이 시작됐다.,
scenejan1_41,19,liszt,liszt,몇에다가 베팅할까?,
scenejan1_41,20,,me,몇이 좋은 건데?,
scenejan1_41_choice,1,liszt,liszt,"4, 5, 6, 7, 9, 10 중 내가 고른 게 나와야 좋은 거지.",
scenejan1_42,1,liszt,liszt,"4? 그거 나올 확률이 얼마 없는데. 뭐, 상관없어.",
scenejan1_42,2,,,리스트는 가지고 있던 모든 금화를 4에 베팅했다.,
scenejan1_43,1,liszt,liszt,7? 좋아. 잃어도 적게 잃어야지.,
scenejan1_43,2,,,리스트는 가지고 있던 모든 금화를 7에 베팅했다.,
scenejan1_44,1,liszt,liszt,9? 나쁘지 않네.,
scenejan1_44,2,,,리스트는 가지고 있던 모든 금화를 9에 베팅했다.,
scenejan1_45_4,1,,,베팅이 완료되었다. 모두가 리스트의 손을 빤히 바라보았다. 길고 가는 손가락이 주사위를 꽉 쥐어 주먹을 만들었다. 그러더니 리스트가 당신에게로 몸을 돌렸다.,
scenejan1_45_4,2,liszt,liszt,행운을 불어 줘.,
scenejan1_45_4,3,liszt,,순간 그것이 무슨 뜻인지 파악하지 못한 당신은 잠깐 멍하게 리스트를 바라본다.,
scenejan1_45_4_choice,1,liszt,liszt,"초심자의 행운이든, 연인의 행운이든 뭐든 좋아. 지금 당신이 내 행운의 여신이거든.",
scenejan1_45_7,1,,,베팅이 완료되었다. 모두가 리스트의 손을 빤히 바라보았다. 길고 가는 손가락이 주사위를 꽉 쥐어 주먹을 만들었다. 그러더니 리스트가 당신에게로 몸을 돌렸다.,
scenejan1_45_7,2,liszt,liszt,행운을 불어 줘.,
scenejan1_45_7,3,liszt,,순간 그것이 무슨 뜻인지 파악하지 못한 당신은 잠깐 멍하게 리스트를 바라본다.,
scenejan1_45_7_choice,1,liszt,liszt,"초심자의 행운이든, 연인의 행운이든 뭐든 좋아. 지금 당신이 내 행운의 여신이거든.",
scenejan1_45_9,1,,,베팅이 완료되었다. 모두가 리스트의 손을 빤히 바라보았다. 길고 가는 손가락이 주사위를 꽉 쥐어 주먹을 만들었다. 그러더니 리스트가 당신에게로 몸을 돌렸다.,
scenejan1_45_9,2,liszt,liszt,행운을 불어 줘.,
scenejan1_45_9,3,liszt,,순간 그것이 무슨 뜻인지 파악하지 못한 당신은 잠깐 멍하게 리스트를 바라본다.,
scenejan1_45_9_choice,1,liszt,liszt,"초심자의 행운이든, 연인의 행운이든 뭐든 좋아. 지금 당신이 내 행운의 여신이거든.",
scenejan1_46,1,,,당신은 질색팔색하는 표정을 지으며 고개를 저었다.,
scenejan1_46,2,liszt,liszt,"하하하, 그렇게까지 싫어할 건 없잖아. 행운의 여신 같은 거 안 믿는구나, 당신.",
scenejan1_46,3,liszt,,"리스트는 주먹을 쥐고, 자신의 주먹 쥔 손에 숨을 후, 불어넣는다.",
scenejan1_46,4,,,"그러고 리스트는 주사위를 도르륵, 굴렸다.",
scenejan1_46,5,,,6이었다.,
scenejan1_46,6,,,리스트는 이마를 짚으며 ‘끄응’ 하는 소리를 냈다.,
scenejan1_46,7,liszt,liszt,다 잃었네.,
scenejan1_46_choice,8,liszt,,리스트는 조금 시무룩한 표정으로 주사위를 다음 사람에게 넘겨주고 자리에서 일어난다.,
scenejan1_46_4,1,,,"당신은 리스트의 주사위를 후, 분다.",
scenejan1_46_4,2,liszt,,리스트는 씩 웃으면서 뒤를 돌아본다.,
scenejan1_46_4,3,liszt,liszt,지면 당신 책임이야.,
scenejan1_46_4,4,,me,그런 얘기 없었잖아!,
scenejan1_46_4,5,liszt,,"당신의 항변에 아랑곳하지 않고, 리스트는 쾌활하게 웃으면서 주사위를 굴린다.",
scenejan1_46_7,1,,,"당신은 리스트의 주사위를 후, 분다.",
scenejan1_46_7,2,liszt,,리스트는 씩 웃으면서 뒤를 돌아본다.,
scenejan1_46_7,3,liszt,liszt,지면 당신 책임이야.,
scenejan1_46_7,4,,me,그런 얘기 없었잖아!,
scenejan1_46_7,5,liszt,,"당신의 항변에 아랑곳하지 않고, 리스트는 쾌활하게 웃으면서 주사위를 굴린다.",
scenejan1_46_9,1,,,"당신은 리스트의 주사위를 후, 분다.",
scenejan1_46_9,2,liszt,,리스트는 씩 웃으면서 뒤를 돌아본다.,
scenejan1_46_9,3,liszt,liszt,지면 당신 책임이야.,
scenejan1_46_9,4,,me,그런 얘기 없었잖아!,
scenejan1_46_9,5,liszt,,"당신의 항변에 아랑곳하지 않고, 리스트는 쾌활하게 웃으면서 주사위를 굴린다.",
scenejan1_47,1,,,4였다.,
scenejan1_47,2,liszt,liszt,"다 잃었네. 큰일이야, 이거-",
scenejan1_47_choice,1,liszt,,리스트는 아무렇지도 않게 웃으면서 자리에서 일어난다.,
scenejan1_48,1,,,4였다.,
scenejan1_48,2,,,"딜러가 리스트가 베팅한 액수를 확인하고, 1.6배를 가산해 돌려준다. 순식간에 금화주머니가 확 무거워졌다.",
scenejan1_48,3,liszt,liszt,역시 당신은 행운의 여신이 맞아.,
scenejan1_48,4,,,"다른 도박꾼들이 4가 어떻게 나오냐면서 항의하고, 가지고 있던 돈을 거의 다 잃은 가난한 대학생은 자리에서 일어나 리스트의 멱살이라도 잡을 기세였다. 상황이 험악해지려는 순간,",
scenejan1_49,1,,,"괜찮아, 또 다음이 있으니까.",
scenejan1_49,2,liszt,liszt,"그러면서 리스트는 오히려 위로해주듯 당신의 등을 두드려 주었다. 그때,",
scenejan1_50,1,,,누군가가 외쳤다.,
scenejan1_50,2,???,???,단속 떴다!,
scenejan1_50,3,,,그 소리에 도박장의 모든 사람들이 일제히 패닉했다. ,
scenejan1_50,4,,,"팔레 루아얄 자체의 도박은 합법이었지만, 어차피 풍기문란을 단속한다는 목적 하에 수많은 사람들이 불법 도박, 사기 도박, 매춘 등의 누명을 쓰거나…또는 제대로 된 혐의로 잡혀갔기 때문이었다.",
scenejan1_50,5,,,당연히 그냥 평범하게 게임을 즐기고 있던 리스트나 당신 같은 사람들도 단속이 뜨면 일단 서에 다녀와야 했다.,
scenejan1_50,6,,,"젠장, 하필 오늘 단속을 할 게 뭐야! 방금 딴 참이었는데! 빚쟁이 놈아, 어디로 뛰어가는 거야! 같은 소리들이 난무했고, 도박장은 순식간에 아비규환이 되었다.",
scenejan1_50,7,liszt,liszt,이리로 와!,
scenejan1_50_choice,1,liszt,,리스트가 왼쪽 출구에서 손짓했다. 오른쪽 출구가 더 가까워 보였다. 어떻게 해야 할까…,
scenejan1_51,1,,me,갈라지는 게 더 빨라! 리스트 당신이나 도망가!,
scenejan1_51,2,liszt,,"그의 진짜 이름을 말하자 리스트가 잠시 멈칫, 한다. 하지만 이내 생각을 떨치려는 듯 고개를 절레절레 젓고, 왼쪽 출구로 사라진다.",
scenejan1_51,3,,,당신도 단속을 피해 오른쪽 출구로 도망친다.,
scenejan1_51,4,,,"눈물이 나게도, 단속반은 당신을 불법 영업 중이던 매춘부로 오해한 것 같았다.",
scenejan1_51,5,,,그래도 도박장 쪽을 기습했기 때문에 여자들보다는 남자들이 주 단속의 대상이었는지 오래 따라오지는 않았다.,
scenejan1_51,6,,,"당신은 트라베르시에르 가, 생로흐 가 할 것 것 없이 사방팔방으로 뛰어다닌다.",
scenejan1_51,7,,,"이제 좀 따돌렸나, 하고 쉬렌 가 구석에서 숨을 돌리고 있을 때 두 번째 시련이 찾아온다.",
scenejan1_51,8,,,"새벽 세 시의 파리, 거리에 나와 있는 사람들 중에 제정신인 사람은 사실상 없다고 봐야 했다.",
scenejan1_51,9,thug1,thug1,"거 아가씨, 재밌게 해 준다니까 그래?",
scenejan1_51,10,thug2,thug2,왜 이렇게 비싸게 굴어.,
scenejan1_51,11,,,저렴한 멘트에 당신은 이마를 짚는다. 삼류 건달들이었다.,
scenejan1_51,12,thug1,thug1,허 참 좋은 카니발 기간에 이렇게 빡빡할 거 없잖아.,
scenejan1_51,13,,me,그쪽들이 좀 더 잘생기고 몸 좋았으면 생각해 봤겠지.,
scenejan1_51,14,,,당신은 그렇게 쏘아붙이고는 빠른걸음으로 남자들을 뒤로하고 거리를 걷는다.,
scenejan1_51,15,thug2,thug2,남자 좀 만나봤나봐? 킬킬킬.,
scenejan1_51,16,,,기분이 나빴다.,
scenejan1_51,17,,,이 상황을 어떻게 해결하면 좋을지 당신은 고민해본다.,
scenejan1_51,18,,,치안대에 신고를 해 볼까. 하지만 아직 손등에 카지노 입장 도장이 남아 있지 않던가.,
scenejan1_51,19,,,혼자 힘으로 어떻게든 해볼까나. 총도 혹시 몰라서 들고 오긴 했다.,
scenejan1_51,20,,,"그렇게 당신이 고민하고 있을 때, 부이몽 호텔에서 익숙한 실루엣이 나왔다.",
scenejan1_51,21,,,"살짝 취한 듯 비틀거리는 걸음걸이였지만, 별이 총총한 파리의 밤하늘에 녹아들 것처럼 검은 머리칼에 마찬가지로 새까만 케이프의 연미복은 의심의 여지 없는 펠릭스 멘델스존이었다.",
scenejan1_51_choice,22,,,어쩌면 그에게 도움을 청하면 편하게 문제가 해결될지도 모르는 일이었다.,
scenejan1_56,1,,,당신은 빠른 걸음으로 그에게 뛰어간다.,
scenejan1_56,2,,me,"저기요, 나 좀 도와줘요.",
scenejan1_56,3,,,멘델스존은 술이 덜 깬 모양이었다. 그는 관자놀이와 이마를 꾹꾹 누르면서 손 틈새로 당신을 내려다보았다.,
scenejan1_56,4,mendelssohn,mendelssohn,어떤…곤경에 처하신 건지요? 그리고 실례지만 저를 혹시 알고 계시는지…,
scenejan1_56_choice,1,,,윽. 그렇다… 지금은 카니발이었고 당신은 팔레 루아얄의 가면무도회에 참석하겠다고 평소의 당신과는 완전히 다른 모습을 하고 있었다.,
scenejan3_20,1,,,옷을 바꿔입으니 유리창에 비친 당신은 당신도 몰라볼 정도로 달라져 있었다.,
scenejan3_20,2,,,당신은 경쾌한 발걸음으로 생토노레 가를 따라 쭉 걸어간다. 곳곳에서 술에 취한 사람들이 왁자지껄하게 떠들며 다음 번 만남을 기약하고 있었다.,
scenejan3_20,3,,,"두려움 때문일까, 설렘 때문일까, 가슴이 마구 뛰었다.",
scenejan3_20,4,,,"기다란 회랑, 불 꺼진 카페와 레스토랑들. 그럼에도 그곳은 파리의 다른 조용한 집들과는 비교가 되지 않게 밝았다.",
scenejan3_20,5,,,그야말로 불야성이었다.,
scenejan3_20,6,,,교태어린 미소를 지으며 대목에서 좋은 건수를 노리는 매춘부들의 간드러진 목소리가 여기저기서 들려왔다.,
scenejan3_20,7,,,그들이 입고 있는 옷만으로는 그들이 매춘부라는 걸 짐작할 수도 없었다. 비싸고 호화스러워 보이는 옷이었다.,
scenejan3_20,8,,,"군복, 값비싼 테일코트, 다 해진 프록코트, 심지어는 사제복까지 다양한 옷이 그 유혹에 넘어갔다.",
scenejan3_20_choice,1,,,보지 않으려 해도 얼핏얼핏 눈가에 들어오는 그 광경은 생각보다 역해서 당신은 서둘러 2층으로 올라간다.,
scenejan3_21,1,,,확실히 이곳은 달랐다. 대부분의 사람들이 은밀했고 얼굴을 숨기고 있었다.,
scenejan3_21,2,,,무도회장의 구석에서는 남녀가 누구라 할 것 없이 끈적하게 얽혀서 가면을 들추며 숨가쁘게 몸을 섞었다.,
scenejan3_21,3,,,사람들은 보통 허락되는 것보다 훨씬 가까이에서 몸을 붙이고 왈츠를 추었다.,
scenejan3_21,4,,,당신은 침을 꿀꺽 삼켰다.,
scenejan3_21,5,,,그때 베네치아의 카니발 가면을 흉내낸 듯한 사람이 당신에게 와서 손을 까딱까딱 했다.,
scenejan3_21,6,,me,네?,
scenejan3_21,7,,,"남자는 당신에게 표를 달라고 한다. 당신은 주머니를 뒤적거려 보다가, 옷을 갈아입으면서 표를 놓고 왔다는 걸 떠올린다. 아뿔싸!",
scenejan3_21,8,,,"이대로 쫓겨나는 건가, 어떻게 해야 하지, 하고 마음속으로 발만 동동 구르고 있을 때 누군가가 당신의 어깨에 손을 올린다.",
scenejan3_21,9,???,???,내 동행인이에요.,
scenejan3_21,10,,,어딘가 익숙한 목소리였다. 당신은 천천히 고개를 돌려 뒤를 돌아본다.,
scenejan3_21,11,,,"얼굴을 숨길 생각도 없는 하프마스크 너머로 보이는 푸른 눈. 찰랑거리는 금발과 저 자신만만한, 나른한 미소.",
scenejan3_21_choice,12,,,백 미터 밖에서 봐도 프란츠 리스트였다.,
scenejan3_22,1,liszt,liszt,"미안해, 자기. 나 때문에 화 많이 났어?",
scenejan3_22,2,liszt,,"리스트는 자연스럽게 당신의 허리를 감싸안는다. 소름이 오소소, 돋았지만 아주 싫은 감각은 아니었다.",
scenejan3_22,3,liszt,liszt,"말이 없네, 그 정도로 화난 거야? 술냄새 풍기는 남자는 싫다 이거지?",
scenejan3_22,4,liszt,,그러면서 리스트는 당신의 옆구리를 간질였다. 얼굴이 붉게 달아올랐다. 가면을 쓰고 있어서 다행이었다.,
scenejan3_23,1,liszt,liszt,그래도 늦을 만한 이유가 있었다고. 옆방에서 싸움이 붙어서 말리느라 자기가 온 줄도 몰랐네. 안 들키고 잘 나왔어?,
scenejan3_23,2,liszt,,너무나도 이런 곳에 익숙한 사람의 어조. 모르는 사람이 보면 정말로 당신이 리스트와 연인 사이라고 생각할 것이다.,
scenejan3_23,3,,me,안 들켰어. 그러니까 그렇게 걱정하지 마.,
scenejan3_23,4,,,처음에는 미심쩍인 얼굴이었던 검표원은 리스트와 당신의 말도 안 되게 자연스러운 연기를 보고 고개를 끄덕인다.,
scenejan3_23,5,,,신사 분께서 그렇게 말씀하신다면… 들어가시죠.,
scenejan3_23,6,liszt,liszt,"아니, 됐어요. 그렇게 춤추는 걸 좋아하지 않아서.",
scenejan3_23,7,,,"리스트는 그렇게 인사하고는, 당신을 데리고 회랑에서 멈춘다.",
scenejan3_23,8,,,그의 팔이 당신의 허리에서 스르륵 풀린다.,
scenejan3_23_choice,1,liszt,liszt,"미안, 아까 보니까 급해 보이길래 물어보지도 않고 끼어들어 버렸네.",
scenejan3_24,1,liszt,liszt,응? 당연히 당신이 누군지 내가 알 리가 없지.,
scenejan3_24,2,liszt,,리스트는 웃으며 두 손을 들어올린다.,
scenejan3_24,3,liszt,liszt,그런데 레이디가 곤경에 처한 걸 가만 두고 가만 있는 성격은 아니라서 오지랖 좀 부려 봤어.,
scenejan3_25,1,,,그러고서 리스트는 또 크게 웃음을 터뜨렸다. 쌀쌀한 겨울바람이 회랑 사이로 파고들었다.,
scenejan3_25,2,,,그에게서는 코냑과 와인이 섞인 냄새가 났다. 이미 한참 취하고도 남은 것 같았다.,
scenejan3_25,3,,me,취했네.,
scenejan3_25,4,liszt,liszt,"걱정해 주는 거야? 레이디, 지금 걱정받아야 할 건 내가 아니라 그쪽이야.",
scenejan3_25,5,liszt,,리스트는 주머니에서 술통을 꺼내더니 또 한 모금을 들이킨다.,
scenejan3_25_choice,1,liszt,liszt,어리버리한 게 험한 꼴 당하기 딱 좋아 보아서 그래. 귀부인인지 아가씨인지 모르겠지만 집에 가.,
scenejan3_26,1,liszt,,리스트가 폭소한다.,
scenejan3_26,2,liszt,liszt,"하하하, 이거 웃긴 사람이네?",
scenejan3_27,1,liszt,liszt,"그래, 걱정해 주는 거야. 나도 나름 놈팽이긴 하지만 여자를 사고팔 정도로 질이 나쁘지는 않다고.",
scenejan3_27,2,,,"하기사 리스트 정도의 얼굴이면 여자를 왜 사야겠는가, 가만히 있어도 여자들이 발치에 무릎을 꿇을 텐데.",
scenejan3_28,1,,,당신은 어깨를 으쓱하며 리스트의 손에 들린 술통을 빼앗아 가면 아래로 한 모금을 들이킨다.,
scenejan3_28,2,,me,자기 입으로 얘기했잖아? 아까 옆방에서 싸움 붙었다면서. 그런 데 휘말렸다가는 그쪽도 똑같이 위험하지 뭐.,
scenejan3_28,3,liszt,,가면 너머로 리스트의 눈이 취한 와중에도 반짝반짝 빛났다. 달빛 아래 그의 푸른 눈은 마치 신비로운 보석 같았다. 리스트는 난간에 턱을 괸 채로 당신을 바라본다.,
scenejan3_28,4,liszt,liszt,"꽤나 맘에 들어, 당신.",
scenejan3_28,5,,me,난봉꾼.,
scenejan3_28,6,liszt,liszt,"아니, 걱정은 하지 마. 당신보다 조금 더 마음에 드는 여자가 있으니까 당신은 안 건드려.",
scenejan3_28,7,,me,의외의 순정남이네.,
scenejan3_28,8,liszt,liszt,"순정남, 까지는 너무 거창한 것 같고. 그냥 관심이 많이 가는 사람이야. 그 정도.",
scenejan3_28,9,,,당신은 리스트가 ‘조금 더 마음에’ 들어하는 여자가 누구인지 조금 궁금해졌다.,
scenejan3_28_choice,1,,,어떤 스무고개로 정보를 캐내 볼까.,
scenejan3_29,1,liszt,liszt,"아니, 차라리 그랬으면 더 편했을걸. 유부녀들 꼬시는 방법에는 일가견이 있어.",
scenejan3_29,2,,me,그런데 그 여자는 아니다.,
scenejan3_29,3,liszt,liszt,그렇지. 그래서 더 어렵네. 오히려 더 조심스러워진달까.,
scenejan3_29,4,,,"리스트는 발코니 밖, 은은한 가스등 위로 얼핏얼핏 보이는 별들을 바라본다.",
scenejan3_29,5,,,"꿈을 꾸는 듯한 눈을 보니, 생각보다 리스트가 마음을 많이 쓰고 있는 사람인 모양이었다.",
scenejan3_29,6,,me,그 여자가 다른 남자를 좋아하기라도 해?,
scenejan3_29,7,liszt,liszt,모르겠어. 그럴 가능성이 없지는 않지.,
scenejan3_29,8,,me,어장관리 당하고 있는 거야?,
scenejan3_29,9,,,리스트는 웃음을 터뜨린다.,
scenejan3_29,10,liszt,liszt,말이 심해. 그런 여자는 아니야.,
scenejan3_29,11,liszt,,그러다가 리스트는 헛웃음을 터뜨리며 뺨을 문질렀다.,
scenejan3_29,12,liszt,liszt,처음 만난 사람한테 내가 무슨 얘기를 하고 있나 모르겠다.,
scenejan3_29,13,,me,처음 만난 사람이니까 오히려 되는 거지. 나는 당신 이름도 모르잖아. 어디 가서 안 떠벌리고 다녀.,
scenejan3_30,1,liszt,liszt,말을 정말 잘 해.,
scenejan3_30,2,liszt,,"리스트는 발코니 밖, 은은한 가스등 위로 얼핏얼핏 보이는 별들을 바라본다.",
scenejan3_30,3,liszt,,"꿈을 꾸는 듯한 눈을 보니, 생각보다 리스트가 마음을 많이 쓰고 있는 사람인 모양이었다.",
scenejan3_30,4,,me,그리고 또?,
scenejan3_30,5,liszt,liszt,음…오늘 처음 만난 사람한테 이런 이야기를 해도 될까 모르겠네.,
scenejan3_30,6,,me,처음 만난 사람이니까 오히려 되는 거지. 나는 당신 이름도 모르잖아. 어디 가서 안 떠벌리고 다녀.,
scenejan3_31,1,liszt,liszt,얼마 안 됐어.,
scenejan3_31,2,,me,정확하게 얼마?,
scenejan3_31,3,liszt,liszt,그것까지 얘기하면 그 여자가 너무 특정되는데.,
scenejan3_31,4,,me,난 당신이 누군지 모른다니까.,
scenejan3_32,1,liszt,,리스트는 씩 미소지으며 턱을 괸 채로 당신을 바라본다.,
scenejan3_32_choice,1,liszt,liszt,알려줄까? 이름.,
scenejan3_33,1,,me,"뭐야, 그거. 진짜 이름도 아니잖아.",
scenejan3_33,2,liszt,liszt,그걸 어떻게 알아?,
scenejan3_33,3,,me,너무 고민도 없이 이야기했잖아.,
scenejan3_33,4,,me,그리고 파우스트에서 따온 이름인 걸 누가 모를 줄 알고.,
scenejan3_33,5,liszt,liszt,이거 못 속이겠네.,
scenejan3_33,6,,me,그러게 누가 애초에 속이려고 하래?,
scenejan3_33,7,liszt,,리스트는 작게 웃다가 다시 시선을 돌린다.,
scenejan3_33,8,liszt,liszt,"아까 내가 말한 여자 말야, 그 여자도 내가 거짓말 하면 기가 막히게 알아차리더라.",
scenejan3_33,9,liszt,,"리스트는 신기하게도 그게 별로 불쾌하지 않다는 표정을 하고 있었다. 거짓말을 기가 막히게 알아차리는 사람이라는 게 매력이 될 수도 있구나, 참 신기한 매력 포인트라는 생각이 들었다.",
scenejan3_33,10,,me,그게 좋아?,
scenejan3_33,11,liszt,liszt,아마도. 낱낱이 발가벗겨지는 기분이야. 그런데 오히려 그게 뭐랄까…,
scenejan3_33,12,liszt,liszt,...온 몸에서 긴장이 풀리는 것 같아. 그게 짜릿해.,
scenejan3_33,13,,,꽤나 지적인 여자인 모양이었다. 당신은 적당히 고개를 끄덕여 준다. 파리의 수많은 살롱에 지적인 여자는 너무 차고 넘쳤다. 별로 추려내는 데 도움이 되지 않았다.,
scenejan3_33,14,liszt,,리스트는 손에 든 술통을 만지작거리다가 작게 한숨을 쉬었다.,
scenejan3_33,15,liszt,liszt,"뭐 아무튼, 그래.",
scenejan3_34,1,,,당신은 난간 위에 앉아서 발목을 교차시킨다.,
scenejan3_34,2,,me,그런데 오늘은 혼자서 여기서 궁상맞게 뭐하는 거야? 그 여자랑 뭐가 잘 안 돼?,
scenejan3_34,3,liszt,liszt,"아냐, 그렇다기보다는… 세상에 문제가 사랑만 있는 건 아니잖아.",
scenejan3_34,4,liszt,,리스트는 이마를 짚는다. 침울한 듯도 하고 슬픈 듯도 한 표정이었다.,
scenejan3_34,5,liszt,liszt,가끔 그런 날이 있잖아? 내가 너무 싫은 날. 그럴 때면 여기 와서 그냥 시원하게 돈을 날리고 가.,
scenejan3_34,6,liszt,,그러더니 리스트는 한숨을 쉰다.,
scenejan3_34_choice,1,liszt,liszt,내가 이런 얘기를 왜 그쪽한테 하고 있는지 모르겠네. 갑자기 숨겨뒀던 이야기로 스트립쇼를 하고.,
scenejan3_35,1,,me,"뭐 ‘하인리히 씨’ 가 말했던 여자 말야. 내가 그 여자는 아니겠지만, 대체품 정도는 될 수 있을 것 같아서. 나도 사람들 속을 좀 잘 읽는 편이거든.",
scenejan3_35,2,liszt,,"당신의 말에 리스트가 피식 웃었다. 여전히 우울한 기색이 떠나지는 않은, 약간은 불안한 미소였다.",
scenejan3_35_choice,1,liszt,liszt,그럼 지금 나는 어때 보이는데?,
scenejan3_36,1,liszt,,그 말에 리스트는 웃었다.,
scenejan3_36,2,liszt,,"아니, 웃었다고 할 수 있나?",
scenejan3_36,3,,,그 눈가에 맺힌 눈물이 정말 당신의 말이 웃겨서 맺힌 눈물인 걸까?,
scenejan3_36,4,,,당신은 어떻게 반응해야 할지 몰라서 망설이고 있었다.,
scenejan3_36,5,,,리스트의 웃음소리가 밤하늘 속으로 녹아들어갔다.,
scenejan3_36,6,liszt,liszt,"정말이네, 당신. 사람 속을 잘 읽어.",
scenejan3_36,7,,me,말했잖아. 거짓말 하는 사람 아니야.,
scenejan3_36,8,liszt,,리스트는 손가락으로 눈가에 맺힌 눈물을 훔친 뒤 다시 당신을 내려다본다.,
scenejan3_36_choice,1,liszt,liszt,"그러면 당신 말마따나, 그 ‘대체품’ 이 되어서 내가 몇 게임 하는 동안 같이 있어줄래?",
scenejan3_37,1,liszt,,당시의 매정한 거절에 리스트는 무안하게 어깨를 으쓱한다.,
scenejan3_37,2,liszt,liszt,"알았어. 흥미 없는 사람 붙들고 있을 수는 없지. 그럼 나는 몇 게임 더 하러 가 봐야겠어… 이만. 즐거웠어, 이름 없는 레이디.",
scenejan3_37,3,,,당신은 그렇게 리스트와 헤어져 조용히 집으로 돌아갔다.,
scenejan3_38,1,,,당신은 리스트를 따라 도박장으로 들어간다. 직원들이 당신의 손등에 입장 도장을 찍어준다.,
scenejan3_38,2,,,"값비싸고 휘황찬란한 샹들리에, 룰렛의 쇠구슬이 차르르르 하면서 빨려들어가는 소리, 잔이 쨍, 하고 부딪히는 소리가 들려왔다.",
scenejan3_38,3,,,"사람들이 싸우고, 벌개진 눈으로 ‘한 판 더’ 를 외쳤으며 직원들은 그 와중에도 이 소란이 아주 익숙하다는 듯이 차분하게 잔을 치우고, 카드를 나누어주고 있었다.",
scenejan3_38,4,liszt,liszt,"당신한테 내 이야기는 충분히 했다고 생각하는데, 당신 이야기도 좀 물어봐도 되나? 이런 데는 처음이지?",
scenejan3_38,5,,me,처음이야.,
scenejan3_38_choice,1,liszt,liszt,어쩌다가 이런 데를 올 생각을 했어?,
scenejan3_39,1,liszt,liszt,그 말 굉장히 거짓말처럼 들리는 건 알아?,
scenejan3_39,2,,me,완전히 거짓말을 하지는 않았어.,
scenejan3_40,1,liszt,liszt,후회하고 있어?,
scenejan3_40,2,,me,"응, 내가 생각한 것보다 더… 위험한 곳 같아서.",
scenejan3_40,3,liszt,liszt,"당연한 얘기야, 위험하니까. 그래도 내가 있는 이상 잘 지켜줄게.",
scenejan3_41,1,liszt,,리스트는 익숙하게 아자르 게임을 하는 테이블에 앉는다.,
scenejan3_41,2,,,"가면으로 무장해 전혀 누구인지 짐작도 할 수 없는 광대 옷의 사람 한 명, 콧수염을 달고 앉은 여자 한 명, 매춘부를 무릎에 앉힌, 아마 돈도 별로 없어 보이는 학생 하나가 이미 테이블에 앉아 있었다.",
scenejan3_41,3,,,"도박을 직접 보는 건 처음이었다. 가끔 집에서 하는, 땡전 몇 푼 걸고 하는 놀음 정도가 아닌 이런 본격적인 도박은 처음이었다.",
scenejan3_41,4,,me,많이들 잃나?,
scenejan3_41,5,liszt,liszt,많이 잃지. 워털루 때 누구는 여기서 하룻밤만에 15만 프랑을 잃었어.,
scenejan3_41,6,,,"15만 프랑이라니. 그걸 어떻게 하루만에 날릴 수 있단 말인가? 천문학적인 액수의 돈에 당신의 긴장도가 높아진다. 무도회 입장권 하나가 보통 4프랑 정도 하고, 비싼 모자를 사면 15프랑 정도 하니까…",
scenejan3_41,7,,,…감도 안 왔다.,
scenejan3_41,8,,me,그러면 많이 걸면 안 될 것 같은데?,
scenejan3_41,9,liszt,liszt,괜찮아. 감당할 수 있을 정도만 버리고 가는 셈 치는 거니까.,
scenejan3_41,10,,,그러면서 리스트는 지갑에서 루이 금화를 꺼냈다. 20프랑짜리와 100프랑짜리가 뒤섞여 있었다.,
scenejan3_41,11,,,당신의 목구멍까지 나 주면 안되냐는 소리가 차올랐지만 간신히 참았다.,
scenejan3_41,12,,,딜러가 메인으로 ‘8’ 을 선언했다. 리스트의 반대편에서부터 사람들이 주사위를 두 개씩 쥐고 굴렸다.,
scenejan3_41,13,,,"한 번에 8이 나오는 사람도 있었고, 세 번 연속으로 나와야 하는 숫자가 나오지 않아 돈을 잃는 사람도 있었다.",
scenejan3_41,14,,,몇 번의 라운드가 지났다.,
scenejan3_41,15,,,"리스트는 순서마다 무심하게 동전을 몇 개씩 베팅했고, 삼분의 일 정도를 잃었다.",
scenejan3_41,16,,,"리스트의 차례가 되었다. 메인은 여전히 8이었다. 리스트는 주사위를 몇 번 흔들고, 차르륵, 내려놓았다. 11이었다.",
scenejan3_41,17,liszt,liszt,"씁, 12였으면 닉이었는데.",
scenejan3_41,18,liszt,,리스트가 아쉬워하는 표정으로 중얼거렸다. 단체로 베팅이 시작됐다.,
scenejan3_41,19,liszt,liszt,몇에다가 베팅할까?,
scenejan3_41,20,,me,몇이 좋은 건데?,
scenejan3_41_choice,1,liszt,liszt,"4, 5, 6, 7, 9, 10 중 내가 고른 게 나와야 좋은 거지.",
scenejan3_42,1,liszt,liszt,"4? 그거 나올 확률이 얼마 없는데. 뭐, 상관없어.",
scenejan3_42,2,,,리스트는 가지고 있던 모든 금화를 4에 베팅했다.,
scenejan3_43,1,liszt,liszt,7? 좋아. 잃어도 적게 잃어야지.,
scenejan3_43,2,,,리스트는 가지고 있던 모든 금화를 7에 베팅했다.,
scenejan3_44,1,liszt,liszt,9? 나쁘지 않네.,
scenejan3_44,2,,,리스트는 가지고 있던 모든 금화를 9에 베팅했다.,
scenejan3_45_4,1,,,베팅이 완료되었다. 모두가 리스트의 손을 빤히 바라보았다. 길고 가는 손가락이 주사위를 꽉 쥐어 주먹을 만들었다. 그러더니 리스트가 당신에게로 몸을 돌렸다.,
scenejan3_45_4,2,liszt,liszt,행운을 불어 줘.,
scenejan3_45_4,3,liszt,,순간 그것이 무슨 뜻인지 파악하지 못한 당신은 잠깐 멍하게 리스트를 바라본다.,
scenejan3_45_4_choice,1,liszt,liszt,"초심자의 행운이든, 연인의 행운이든 뭐든 좋아. 지금 당신이 내 행운의 여신이거든.",
scenejan3_45_7,1,,,베팅이 완료되었다. 모두가 리스트의 손을 빤히 바라보았다. 길고 가는 손가락이 주사위를 꽉 쥐어 주먹을 만들었다. 그러더니 리스트가 당신에게로 몸을 돌렸다.,
scenejan3_45_7,2,liszt,liszt,행운을 불어 줘.,
scenejan3_45_7,3,liszt,,순간 그것이 무슨 뜻인지 파악하지 못한 당신은 잠깐 멍하게 리스트를 바라본다.,
scenejan3_45_7_choice,1,liszt,liszt,"초심자의 행운이든, 연인의 행운이든 뭐든 좋아. 지금 당신이 내 행운의 여신이거든.",
scenejan3_45_9,1,,,베팅이 완료되었다. 모두가 리스트의 손을 빤히 바라보았다. 길고 가는 손가락이 주사위를 꽉 쥐어 주먹을 만들었다. 그러더니 리스트가 당신에게로 몸을 돌렸다.,
scenejan3_45_9,2,liszt,liszt,행운을 불어 줘.,
scenejan3_45_9,3,liszt,,순간 그것이 무슨 뜻인지 파악하지 못한 당신은 잠깐 멍하게 리스트를 바라본다.,
scenejan3_45_9_choice,1,liszt,liszt,"초심자의 행운이든, 연인의 행운이든 뭐든 좋아. 지금 당신이 내 행운의 여신이거든.",
scenejan3_46,1,,,당신은 질색팔색하는 표정을 지으며 고개를 저었다.,
scenejan3_46,2,liszt,liszt,"하하하, 그렇게까지 싫어할 건 없잖아. 행운의 여신 같은 거 안 믿는구나, 당신.",
scenejan3_46,3,liszt,,"리스트는 주먹을 쥐고, 자신의 주먹 쥔 손에 숨을 후, 불어넣는다.",
scenejan3_46,4,,,"그러고 리스트는 주사위를 도르륵, 굴렸다.",
scenejan3_46,5,,,6이었다.,
scenejan3_46,6,,,리스트는 이마를 짚으며 ‘끄응’ 하는 소리를 냈다.,
scenejan3_46,7,liszt,liszt,다 잃었네.,
scenejan3_46_choice,8,liszt,,리스트는 조금 시무룩한 표정으로 주사위를 다음 사람에게 넘겨주고 자리에서 일어난다.,
scenejan3_46_4,1,,,"당신은 리스트의 주사위를 후, 분다.",
scenejan3_46_4,2,liszt,,리스트는 씩 웃으면서 뒤를 돌아본다.,
scenejan3_46_4,3,liszt,liszt,지면 당신 책임이야.,
scenejan3_46_4,4,,me,그런 얘기 없었잖아!,
scenejan3_46_4,5,liszt,,"당신의 항변에 아랑곳하지 않고, 리스트는 쾌활하게 웃으면서 주사위를 굴린다.",
scenejan3_46_7,1,,,"당신은 리스트의 주사위를 후, 분다.",
scenejan3_46_7,2,liszt,,리스트는 씩 웃으면서 뒤를 돌아본다.,
scenejan3_46_7,3,liszt,liszt,지면 당신 책임이야.,
scenejan3_46_7,4,,me,그런 얘기 없었잖아!,
scenejan3_46_7,5,liszt,,"당신의 항변에 아랑곳하지 않고, 리스트는 쾌활하게 웃으면서 주사위를 굴린다.",
scenejan3_46_9,1,,,"당신은 리스트의 주사위를 후, 분다.",
scenejan3_46_9,2,liszt,,리스트는 씩 웃으면서 뒤를 돌아본다.,
scenejan3_46_9,3,liszt,liszt,지면 당신 책임이야.,
scenejan3_46_9,4,,me,그런 얘기 없었잖아!,
scenejan3_46_9,5,liszt,,"당신의 항변에 아랑곳하지 않고, 리스트는 쾌활하게 웃으면서 주사위를 굴린다.",
scenejan3_47,1,,,4였다.,
scenejan3_47,2,liszt,liszt,"다 잃었네. 큰일이야, 이거-",
scenejan3_47_choice,1,liszt,,리스트는 아무렇지도 않게 웃으면서 자리에서 일어난다.,
scenejan3_48,1,,,4였다.,
scenejan3_48,2,,,"딜러가 리스트가 베팅한 액수를 확인하고, 1.6배를 가산해 돌려준다. 순식간에 금화주머니가 확 무거워졌다.",
scenejan3_48,3,liszt,liszt,역시 당신은 행운의 여신이 맞아.,
scenejan3_48,4,,,"다른 도박꾼들이 4가 어떻게 나오냐면서 항의하고, 가지고 있던 돈을 거의 다 잃은 가난한 대학생은 자리에서 일어나 리스트의 멱살이라도 잡을 기세였다. 상황이 험악해지려는 순간,",
scenejan3_49,1,,,"괜찮아, 또 다음이 있으니까.",
scenejan3_49,2,liszt,liszt,"그러면서 리스트는 오히려 위로해주듯 당신의 등을 두드려 주었다. 그때,",
scenejan3_50,1,,,누군가가 외쳤다.,
scenejan3_50,2,???,???,단속 떴다!,
scenejan3_50,3,,,그 소리에 도박장의 모든 사람들이 일제히 패닉했다.,
scenejan3_50,4,,,"팔레 루아얄 자체의 도박은 합법이었지만, 어차피 풍기문란을 단속한다는 목적 하에 수많은 사람들이 불법 도박, 사기 도박, 매춘 등의 누명을 쓰거나…또는 제대로 된 혐의로 잡혀갔기 때문이었다. ",
scenejan3_50,5,,,당연히 그냥 평범하게 게임을 즐기고 있던 리스트나 당신 같은 사람들도 단속이 뜨면 일단 서에 다녀와야 했다.,
scenejan3_50,6,,,"젠장, 하필 오늘 단속을 할 게 뭐야! 방금 딴 참이었는데! 빚쟁이 놈아, 어디로 뛰어가는 거야! 같은 소리들이 난무했고, 도박장은 순식간에 아비규환이 되었다.",
scenejan3_50,7,liszt,liszt,이리로 와!,
scenejan3_50_choice,1,liszt,,리스트가 왼쪽 출구에서 손짓했다. 오른쪽 출구가 더 가까워 보였다. 어떻게 해야 할까…,
scenejan3_51,1,,me,갈라지는 게 더 빨라! 리스트 당신이나 도망가!,
scenejan3_51,2,liszt,,"그의 진짜 이름을 말하자 리스트가 잠시 멈칫, 한다. 하지만 이내 생각을 떨치려는 듯 고개를 절레절레 젓고, 왼쪽 출구로 사라진다.",
scenejan3_51,3,,,당신도 단속을 피해 오른쪽 출구로 도망친다.,
scenejan3_51,4,,,"눈물이 나게도, 단속반은 당신을 불법 영업 중이던 매춘부로 오해한 것 같았다.",
scenejan3_51,5,,,그래도 도박장 쪽을 기습했기 때문에 여자들보다는 남자들이 주 단속의 대상이었는지 오래 따라오지는 않았다.,
scenejan3_51,6,,,"당신은 트라베르시에르 가, 생로흐 가 할 것 것 없이 사방팔방으로 뛰어다닌다.",
scenejan3_51,7,,,"이제 좀 따돌렸나, 하고 쉬렌 가 구석에서 숨을 돌리고 있을 때 두 번째 시련이 찾아온다.",
scenejan3_51,8,,,"새벽 세 시의 파리, 거리에 나와 있는 사람들 중에 제정신인 사람은 사실상 없다고 봐야 했다.",
scenejan3_51,9,thug1,thug1,"거 아가씨, 재밌게 해 준다니까 그래?",
scenejan3_51,10,thug2,thug2,왜 이렇게 비싸게 굴어.,
scenejan3_51,11,,,저렴한 멘트에 당신은 이마를 짚는다. 삼류 건달들이었다.,
scenejan3_51,12,thug1,thug1,허 참 좋은 카니발 기간에 이렇게 빡빡할 거 없잖아.,
scenejan3_51,13,,me,그쪽들이 좀 더 잘생기고 몸 좋았으면 생각해 봤겠지.,
scenejan3_51,14,,,당신은 그렇게 쏘아붙이고는 빠른걸음으로 남자들을 뒤로하고 거리를 걷는다.,
scenejan3_51,15,thug2,thug2,남자 좀 만나봤나봐? 킬킬킬.,
scenejan3_51,16,,,기분이 나빴다.,
scenejan3_51,17,,,이 상황을 어떻게 해결하면 좋을지 당신은 고민해본다.,
scenejan3_51,18,,,치안대에 신고를 해 볼까. 하지만 아직 손등에 카지노 입장 도장이 남아 있지 않던가.,
scenejan3_51,19,,,혼자 힘으로 어떻게든 해볼까나. 총도 혹시 몰라서 들고 오긴 했다.,
scenejan3_51,20,,,"그렇게 당신이 고민하고 있을 때, 부이몽 호텔에서 익숙한 실루엣이 나왔다.",
scenejan3_51,21,,,"살짝 취한 듯 비틀거리는 걸음걸이였지만, 별이 총총한 파리의 밤하늘에 녹아들 것처럼 검은 머리칼에 마찬가지로 새까만 케이프의 연미복은 의심의 여지 없는 펠릭스 멘델스존이었다.",
scenejan3_51_choice,22,,,어쩌면 그에게 도움을 청하면 편하게 문제가 해결될지도 모르는 일이었다.,
scenejan3_56,1,,,당신은 빠른 걸음으로 그에게 뛰어간다.,
scenejan3_56,2,,me,"저기요, 나 좀 도와줘요.",
scenejan3_56,3,,,멘델스존은 술이 덜 깬 모양이었다. 그는 관자놀이와 이마를 꾹꾹 누르면서 손 틈새로 당신을 내려다보았다.,
scenejan3_56,4,mendelssohn,mendelssohn,어떤…곤경에 처하신 건지요? 그리고 실례지만 저를 혹시 알고 계시는지…,
scenejan3_56_choice,1,,,윽. 그렇다… 지금은 카니발이었고 당신은 팔레 루아얄의 가면무도회에 참석하겠다고 앞서 부이몽 호텔의 파티 때 입었던 옷을 완전히 반대 이미지로 갈아입고 나온 참이었다. ,
scenejan1_57,1,,me,나예요. 에투아르 베시에르.,
scenejan1_57,2,mendelssohn,,당신의 말에 멘델스존의 눈이 동그래진다.,
scenejan1_57,3,mendelssohn,mendelssohn,베시에르 양?!,
scenejan1_57,4,,me,"아, 조용히 해요. 나 지금 여기 있는 거 들키면 이모한테 죽어라 혼난다고요…",
scenejan1_57,5,mendelssohn,mendelssohn,아니 그러면 당연히 혼이 나셔야죠! 오밤중에 이렇게 혼자 나가시는 게 얼마나 위험한지는 알고 이러시는 거예요?!,
scenejan1_57_choice,1,mendelssohn,,"멘델스존은 진심으로 화가 난 표정을 지으며, 당신을 나무라듯 했다.",
scenejan1_57_1,1,mendelssohn,,당신의 말에 멘델스존은 한숨을 쉬며 미간을 짚는다. 은근히 인상을 자주 쓰는 편인 그 미간에 주름이라도 질까 살짝 걱정이 됐다.,
scenejan1_57_1,1,mendelssohn,mendelssohn,"하아…도와드릴 거예요. 도와는 그릴 건데, 정말 이게 무슨 꼴이에요… 이러실까봐 같이 무도회를 가자고 했던 건데. 이러려고 제 초대를 거절하신 거예요?",
scenejan2_57,1,,me,나예요. 에투아르 베시에르.,
scenejan2_57,2,mendelssohn,,당신의 말에 멘델스존의 눈이 동그래진다.,
scenejan2_57,3,mendelssohn,mendelssohn,베시에르 양?!,
scenejan2_57,4,,me,"아, 조용히 해요. 나 지금 여기 있는 거 들키면 이모한테 죽어라 혼난다고요…",
scenejan2_57,5,mendelssohn,mendelssohn,아니 그러면 당연히 혼이 나셔야죠! 오밤중에 이렇게 혼자 나가시는 게 얼마나 위험한지는 알고 이러시는 거예요?!,
scenejan2_57_choice,1,mendelssohn,,"멘델스존은 진심으로 화가 난 표정을 지으며, 당신을 나무라듯 했다.",
scenejan2_57_1,1,mendelssohn,,당신의 말에 멘델스존은 한숨을 쉬며 미간을 짚는다. 은근히 인상을 자주 쓰는 편인 그 미간에 주름이라도 질까 살짝 걱정이 됐다.,
scenejan2_57_1,2,mendelssohn,mendelssohn,"하아…도와드릴 거예요. 도와는 그릴 건데, 정말 이게 무슨 꼴이에요… 이러실까봐 같이 무도회를 가자고 했던 건데.",
scenejan2_57_1,3,mendelssohn,,멘델스존은 미묘한 표정을 지으며 잠깐 하늘을 올려다보며 한 번 더 한숨을 쉬었다.,
scenejan2_57_1,4,mendelssohn,mendelssohn,제 탓도 없지는 않네요… 제가 베시에르 양을 알아서 잘 감독했어야 했는데 그러지 못했으니…,
scenejan3_57,1,,me,나예요. 에투아르 베시에르.,
scenejan3_57,2,mendelssohn,,당신의 말에 멘델스존의 눈이 동그래진다.,
scenejan3_57,3,mendelssohn,mendelssohn,베시에르 양?!,
scenejan3_57,4,,me,"아, 조용히 해요. 나 지금 여기 있는 거 들키면 이모한테 죽어라 혼난다고요…",
scenejan3_57,5,mendelssohn,mendelssohn,아니 그러면 당연히 혼이 나셔야죠! 오밤중에 이렇게 혼자 나가시는 게 얼마나 위험한지는 알고 이러시는 거예요?!,
scenejan3_57_choice,1,mendelssohn,,"멘델스존은 진심으로 화가 난 표정을 지으며, 당신을 나무라듯 했다.",
scenejan3_57_1,1,mendelssohn,,당신의 말에 멘델스존은 한숨을 쉬며 미간을 짚는다. 은근히 인상을 자주 쓰는 편인 그 미간에 주름이라도 질까 살짝 걱정이 됐다.,
scenejan3_57_1,2,mendelssohn,mendelssohn,"하아…도와드릴 거예요. 도와는 그릴 건데, 정말 이게 무슨 꼴이에요… 이러실까봐 같이 무도회를 가자고 했던 건데.",
scenejan3_57_1,3,mendelssohn,,멘델스존은 미묘한 표정을 지으며 잠깐 하늘을 올려다보며 한 번 더 한숨을 쉬었다.,
scenejan3_57_1,4,mendelssohn,mendelssohn,제 탓도 없지는 않네요… 베시에르 양이 같이 팔레 루아얄로 가달라 했을 때 그냥 제가 같이 가드렸어야 했는데.,
scenejan3_57_1,5,,,진심으로 미안해하는 듯한 멘델스존의 표정에 어쩐지 당신이 더 미안해졌다. 사실 따지고 보면 당신의 철딱서니 없는 짓이 문제였다.,
scenejan3_57_1,6,,,그렇다고 딱히 반성하는 건 아니었다. 그야 카니발은 이런 짓 하라고 있는 날인데 멘델스존이 너무 건전하게 놀고 있는 것이었다.,
scenejan2_58,1,mendelssohn,mendelssohn,"아무튼, 그래서 제가 뭘 도와드리면 될까요?",
scenejan2_58,2,,me,미친 건달들 좀 어떻게 쫓아 보세요.,
scenejan2_58,3,,,말하기 무섭게 골목에서 건달들이 다시 등장했다.,
scenejan2_58,4,thug1,thug1,"아가씨, 이거 섭하네- 큰 건을 노려 보는 거야?",
scenejan2_58,5,thug2,thug2,저런 더러운 유대인보다는 우리가 낫지 않나?,
scenejan2_58_choice,1,,,그러면서 건달들은 저속한 몸짓을 해보였다. 당신의 미간에 절로 주름이 졌다.,
scenejan2_59,1,mendelssohn,,멘델스존은 싱긋 미소를 지었다.,
scenejan2_59,2,mendelssohn,mendelssohn,"괜찮아요, 익숙해요.",
scenejan2_60,1,mendelssohn,,멘델스존은 웃음을 참듯 아랫입술을 살짝 깨물었다.,
scenejan2_60,2,mendelssohn,mendelssohn,"베시에르 양, 그렇게까지는 화내주지 않아도 돼요… 진정하세요.",
scenejan2_61,1,mendelssohn,,멘델스존은 싱긋 미소를 지었다.,
scenejan2_61,2,mendelssohn,mendelssohn,고마워요.,
scenejan2_62,1,mendelssohn,,멘델스존은 싱긋 미소를 지었다.,
scenejan2_62,2,mendelssohn,mendelssohn,저도 압니다. 걱정하지 마세요.,
scenejan2_63,1,,,당신은 한숨을 쉬며 멘델스존의 손을 꽉 쥔다.,
scenejan2_63,2,,me,어떻게 좀 해봐요. 진짜 짜증나서 상대도 못하겠네.,
scenejan2_63,3,mendelssohn,mendelssohn,알겠습니다…대충 적당히 장단 맞춰 주세요.,
scenejan2_63,4,,,"뭘 하려길래 장단을 맞춰 달라고 하나, 했더니 충격적인 일이 일어난다.",
scenejan2_63,5,mendelssohn,,멘델스존은 그대로 당신의 어깨에 고개를 대고 당신에게 기댄다.,
scenejan2_63_choice,1,mendelssohn,mendelssohn,"잘 놀다 왔어, 여보?",
scenejan2_64,1,,,멘델스존이 당신의 허리에 팔을 감고 애교를 부리듯 뺨을 비빈다.,
scenejan2_64,2,mendelssohn,mendelssohn,한 번만 봐 줘… 내가 마시고 싶어서 마신 게 아니란 말야.,
scenejan2_64,3,,me,"아, 그러게 내가 그만 마시랬잖아요! 술도 약한 사람이 마시란 대로 꼴딱꼴딱 다 받아먹고 있으니까 당연히 취하지! 아휴, 내가 못 살아, 못 살아!",
scenejan2_64,4,,,이제 당신도 얼추 그의 페이스를 따라잡았다.,
scenejan2_64,5,mendelssohn,mendelssohn,"진짜 미안해애애… 그치만 술맛이 좋았어, 자기한테도 한 모금 주고 싶었는데… 다시 생각해 봐도 너무했어, 응? 그렇게 내가 가면무도회 따라가는 게 싫었어?",
scenejan2_64_choice,1,,,이제 당신도 얼추 그의 페이스를 따라잡았다.,
scenejan2_65,1,mendelssohn,mendelssohn,"남편이 부인을 너무 좋아하는 게 잘못은 아니잖아.
",
scenejan2_66,2,,,그러면서 멘델스존은 정말 철부지 남편처럼 당신의 뺨에 입을 맞춘다. 정확히는 그러는 척한다.,
scenejan2_66,3,,me,"또, 또 애교로 넘어가려 그런다. 이거 아주 나쁜 버릇이야, 알아요?",
scenejan2_66,4,mendelssohn,mendelssohn,"응, 알아. 그래도 당신도 늘 이렇게 하면 봐주잖아.",
scenejan2_66,5,mendelssohn,,그러고서는 멘델스존은 당신의 손을 자신의 뺨에 가져다대고 강아지처럼 뺨을 부빈다.,
scenejan2_66,6,mendelssohn,mendelssohn,그리고 당신도 나한테 사과해야지. 뒤에 이상한 것들을 달고 왔잖아. 내가 질투 많이 하는 거 뻔히 알면서.,
scenejan2_66,7,,me,나라고 달고 싶어서 달고 왔나요.,
scenejan2_66,8,,,"멘델스존은 고개를 들고, 여전히 취한 척을 하며 건달들에게 다가간다.",
scenejan2_66,9,mendelssohn,mendelssohn,신사분들.,
scenejan2_66,10,,,"몸짓은 영락없이 취한 사람이었지만, 당신은 알고 있다. 독일인들의 주량은 상상을 초월한다는 것을.",
scenejan2_66,11,,,다시 말해 멘델스존은 지금 아주 살짝 알딸딸할 정도일 확률이 높다.,
scenejan2_66,12,mendelssohn,mendelssohn,뭐 나 보고 더러운 유대인이라고 한다… 난 그런 건 상관없어. 충분히 착각할 수도 있는 말이고. 그런데 내 아내를 건드리는 건 문제가 다르지.,
scenejan2_66,13,,,평범한 매춘부를 건드리는 것과 돈 많은 부르주아의 아내인 양갓집 규슈를 건드리는 건 죄질이 매우 다르다. 멘델스존은 그 사실을 강조하고 있었다.,
scenejan2_66,14,mendelssohn,mendelssohn,우리 아버지 사업이 성공하지 않았으면 나도 넘보지도 못했을 좋은 집안의 귀한 딸이었어. 그런데 뭐 어쩌고 어째? 뚫린 입이라고 아무 말이나 해도 되는 줄 알아?!,
scenejan2_66_choice,1,,,"건달들은 자기들끼리 겁에 질려서 서로를 쳐다보더니, 황급히 작전 회의에 돌입하면서 뭐라뭐라 속삭인다.",
scenejan2_67,1,,,당신은 멘델스존의 팔짱을 끼고 어르고 달래듯 얘기한다.,
scenejan2_67,2,,me,그냥 가요. 저런 사람들한테 시간 낭비하지 말고.,
scenejan2_67,3,mendelssohn,mendelssohn,"음, 그럴까? 여보가 그렇게 이야기하면 그래야지.",
scenejan2_67,4,mendelssohn,,멘델스존은 발그레한 얼굴로 해맑게 웃으며 당신의 팔짱을 꼈다. 맨정신으로 이럴 수 있다니 참 그가 대단하게 느껴졌다. 그러고는 전혀 다른 눈빛으로 돌변해 건달들을 다시 바라본다.,
scenejan2_67,5,mendelssohn,mendelssohn,"운 좋은 줄 알아, 아내 앞이 아니었으면 치안대 불러서 그 다리 사이에 달린 쓸모도 없는 거 못 쓰게 반병신 만들어줬을 테니까.",
scenejan2_67,6,,me,화내지 말라니까요.,
scenejan2_67,7,,,"건달들은 분한 것 같은 눈빛으로 멘델스존과 당신을 바라보지만, 자신들이 건드린 사람이 양갓집, 어쩌면 귀족 집안 자제일 수도 있었다는 공포감에 질려 뭐라 반론을 하지는 못한다. ",
scenejan2_67,8,,,신분과 지위로 찍어누른 감이 있긴 했지만 그래도 기분이 꽤 상쾌해졌다.,
scenejan2_68,1,,me,나는 저 사람들이 내 앞에 무릎이라도 꿇었으면 좋겠는데.,
scenejan2_68,2,mendelssohn,mendelssohn,그렇게 해줄까?,
scenejan2_68,3,mendelssohn,,멘델스존은 발그레한 얼굴로 해맑게 웃으며 당신을 바라봤다. 이쯤 되니까 살짝 무섭기도 했다. 그러고는 전혀 다른 눈빛으로 돌변해 건달들을 다시 바라본다.,
scenejan2_68,4,mendelssohn,mendelssohn,내 아내에게 사과해.,
scenejan2_68,5,,,두 건달은 입이 좀처럼 떨어지지 않는 것 같았다. 무척이나 못마땅한 표정이었다.,
scenejan2_68,6,mendelssohn,mendelssohn,왜 사과를 안 하는 거지? 더러운 유대인한테 사과하라고 시키는 것도 아니잖아.,
scenejan2_68,7,mendelssohn,,멘델스존은 팔짱을 끼고서 가만히 건달들을 내려다봤다. 당신은 그들의 굴욕에 가슴이 뛰었다.,
scenejan2_68,8,thug2,thug2,미…미안합니다.,
scenejan2_68,9,thug1,thug1,고귀한 신분이신 걸 몰라뵀습니다…죄송합니다.,
scenejan2_68,10,mendelssohn,,멘델스존은 당신을 바라본다.,
scenejan2_68,11,mendelssohn,mendelssohn,"분이 좀 풀렸어, 여보?",
scenejan2_68,12,,me,"네, 이거면 됐어요. 이제 집에 가요.",
scenejan2_69,1,mendelssohn,mendelssohn,"그래, 당신이랑 조금이라도 더 같이 있어야지! 빨리 가자.",
scenejan2_69,2,,,당신과 멘델스존은 팔짱을 끼고 다시 호텔 쪽으로 향한다.,
scenejan2_69,3,,,멘델스존은 자신이 타고 온 마차에 당신과 함께 오른다. 그러더니 사죄라도 하듯 고개를 푹 숙인다.,
scenejan2_69,4,mendelssohn,mendelssohn,"미안해요, 갑자기 그런 이상한… 상황극 해서.",
scenejan2_69_choice,1,mendelssohn,,멘델스존은 자기가 생각해도 이 상황이 부끄러운지 손에 얼굴을 파묻고 마른세수를 한다. 홍조가 목까지 올라온 것이 보였다.,
scenejan2_70,1,mendelssohn,,멘델스존의 얼굴이 더 시뻘겋게 달아오른다. 아까까지는 사과 정도 색깔이었다면 이제는 햇빛에 바싹 말린 붉은 고추 색깔이었다.,
scenejan2_70,2,mendelssohn,mendelssohn,제발 이러지 마세요… 저를 수치사시키시려고.,
scenejan2_71,1,mendelssohn,mendelssohn,"사실 굉장히 불쾌했을 수도 있는 건데, 이해해주셔서 감사합니다.",
scenejan2_71,2,,me,"아녜요, 날 도와주려고 한 거니까.",
scenejan2_71,3,mendelssohn,mendelssohn,그래도요.,
scenejan2_72,1,,,당신은 작게 웃는다.,
scenejan2_72,2,,me,재밌었어요.,
scenejan2_72,3,mendelssohn,,그 말을 듣고서야 멘델스존이 얼굴에서 손을 뗀다.,
scenejan2_72,4,mendelssohn,mendelssohn,"어디 가서 제가 이런 짓…이라고 해야 하나, 아무튼… 상황극 한 건 절대 말하시면 안 돼요.",
scenejan2_72,5,,me,혼자만 알고 있기 아까운데.,
scenejan2_72,6,mendelssohn,mendelssohn,그러면 베시에르 양이 이 야밤에 팔레 루아얄 다녀온 거 얘기할 거예요.,
scenejan2_72,7,,me,"알았어요, 알았어. 각자 약점 하나씩 잡은 셈 치죠.",
scenejan2_72,8,,,그렇게 수다를 떨고 있으니 금방 당신의 집 앞에 도착했다.,
scenejan2_72_choice,1,mendelssohn,mendelssohn,아무튼 다음번에는 정말 조심하세요. 혼자 절대로 다니지 마시고요. 제가 언제나 당신이 사고치고 있는 곳 10분 안에 대기를 하고 있지는 않을 거예요.,
scenejan2_73,1,mendelssohn,mendelssohn,하기사 남의 집 아가씨께 이런 잔소리 하고 있는 것도 웃긴 일이네요…,
scenejan2_73,2,mendelssohn,,"멘델스존은 끄응, 하는 소리를 내며 미간을 주무른다.",
scenejan2_74,1,mendelssohn,mendelssohn,혼자서 잘 하고 말 하고의 문제가 아니라고요… 혼자서 할 수 없는 일에 대한 문제예요.,
scenejan2_74,2,,me,뭐 내가 온실 속 화초인 줄 아나요. 나도 알 거 다 알아요.,
scenejan2_74,3,mendelssohn,,"멘델스존은 끄응, 하는 소리를 내며 미간을 주무른다.",
scenejan2_75,1,mendelssohn,mendelssohn,"그러니까, 언제나 그럴 수 있는 게 아니잖아요.",
scenejan2_75,2,,me,언제나 그래 주면 되죠?,
scenejan2_75,3,mendelssohn,,멘델스존의 얼굴이 버찌처럼 새빨갛게 달아오른다. 취기가 한꺼번에 뺨으로 올라온 듯한 색감이었다.,
scenejan2_75,4,mendelssohn,mendelssohn,"그, 그런 말로 어물쩍 넘어가려고 하지 마세요. 정말 이번에는 큰일이었으니까요.",
scenejan2_75,5,,,당신은 어깨를 으쓱한다.,
scenejan2_75,6,mendelssohn,,멘델스존은 한숨을 쉬면서 관자놀이를 문지른다.,
scenejan2_76_choice,1,mendelssohn,mendelssohn,시마노프스카 부인께는 쭉 저랑 계셨다고 이야기해 드리겠습니다. 다음에는 정말 이렇게 거짓말 해드리는 일 없을 거예요.,
scenejan2_77,1,,,당신은 한쪽 눈을 찡긋하며 문을 열고 슬쩍 집 안으로 들어간다.,
scenejan2_77,2,,,"다음 날, 시마노프스카는 멘델스존으로부터 당신이 어젯밤 처음부터 끝까지 자신과 함께 있었고, 우려할 만한 사건은 없었으며 당신은 안전하게 집에 들어왔다는 이야기를 전해들었다.",
scenejan2_77,3,,,그리고 시마노프스카는 그 말을 신뢰했다!,
scenejan2_78,1,,me,그게 중요한 게 아니죠. 숙녀가 곤경에 처했는데 가만히 두고 보실 건가요?,
scenejan2_78,2,,,"‘매춘부를 숙녀라 부를 수 있는가?’ 하는 고민을 할 만도 한데, 멘델스존은 선뜻 고개를 끄덕이며 당신을 자신의 뒤로 숨긴다.",
scenejan2_78,3,mendelssohn,mendelssohn,알겠습니다. 그러면 제 뒤에 계세요. 별로 질이 좋지 않은 사내들 같군요.,
scenejan2_78,4,,me,도와주셔서 감사합니다. 멋진 신사분이시네요.,
scenejan2_78,5,mendelssohn,mendelssohn,당연한 도리입니다.,
scenejan2_78,6,,,건달들이 주머니에 손을 찔러넣은 채 침을 뱉으며 다가온다.,
scenejan2_78,7,thug2,thug2,"아가씨, 우리가 뭐 잘못한 건 아니잖아. 돈 벌게 해 주겠다는데 왜 그래.",
scenejan2_78,8,thug1,thug1,"그래, 고객 찾았으니까 기뻐해야 하는 거 아니야? 오늘 기분 좋아서 많이 쳐줄 수 있어.",
scenejan2_78,9,mendelssohn,mendelssohn,그만하시죠. 숙녀분이 원치 않고 계시지 않으십니까.,
scenejan2_78,10,thug1,thug1,숙녀? 하! 팔레 루아얄에서 나오는 여자가 어떻게 숙녀야.,
scenejan2_78,11,,,사실 틀린 말은 아니었다. 팔레 루아얄이 해가 지면 매춘의 성지가 된다는 건 모르는 사람이 없었다.,
scenejan2_78,12,,,그래도 굳이 따지자면 멘델스존이 팔레 루아얄의 실상을 알기는 바라지 않았다.,
scenejan2_78,13,,,그가 외국인이라서 매춘의 성지라는 건 모를 가능성도 있었는데 이로서 당신이 한 짓은 살짝 위험하고 약간 모험심 넘치는 짓 정도가 아니라 범죄의 표적이 되기 딱 좋았을 정도의 미친짓으로 격상됐을 것이다.,
scenejan2_78,14,mendelssohn,mendelssohn,"그건 중요치 않죠. 매춘도 돈을 주고서 숙녀분이 알겠다, 하면 그 때 성립하는 거지 돈만 준다고 성립합니까?",
scenejan2_78,15,thug2,thug2,"이 친구가 뭘 모르네. 해 본 적이 없구만, 보니까?",
scenejan2_78,16,,,멘델스존의 눈 굴리는 소리가 여기까지 들렸다.,
scenejan2_78_choice,1,thug2,thug2,아무튼 거 유대인은 비켜. 우리가 우리 돈으로 모자라서 여자까지 뺏겨야겠나?,
scenejan2_79,1,mendelssohn,,멘델스존의 얼굴에 작은 미소가 피어난다. 눈가에 살짝 주름이 졌다.,
scenejan2_79,2,mendelssohn,mendelssohn,"괜찮습니다, 숙녀 분… 제가 상대하겠습니다.",
scenejan2_80,1,,,멘델스존은 앞으로 한 발짝을 나간다.,
scenejan2_80,2,mendelssohn,mendelssohn,뺏기는 건 원래 자기 것이었어야 뺏기는 거죠. 애초에 당신들은 그렇게 매력이 없어서 여자 손이나 평생 한 번 잡아봤는지 모르겠네.,
scenejan2_80,3,thug1,thug1,"웃기시는구만, 집에 와이프랑 딸들이 몇인데.",
scenejan2_80,4,thug2,thug2,"그래, 내가 이 근방에서는 또 변강쇠로 통한다고. 여자 하나는 기가 막히게 다루지.",
scenejan2_80,5,,,"그 다음 순간, 누군가가 고통에 찬 신음을 내뱉었다.",
scenejan2_80,6,,,놀랍게도 주먹질을 한 쪽은 멘델스존이었고 당한 쪽은 건달 중 하나였다.,
scenejan2_80,7,thug2,thug2,"이, 이 자식이!",
scenejan2_80,8,,,어두워서 제대로 보이지는 않았지만 맞은 쪽의 얼굴에 코피가 터진 것 같았다. 뭔가 검은 것이 가로등 아래로 보이는 그의 얼굴에 엉겨붙어 있었다.,
scenejan2_80,9,,,그가 자세를 다시 취하기도 전 멘델스존이 그 건달의 멱살을 잡고 또 주먹을 내리꽂았다.,
scenejan2_80,10,thug1,thug1,"이, 이거 미친 새끼 아니야!",
scenejan2_80,11,,,광경을 지켜보고 있던 다른 건달 하나가 외쳤다.,
scenejan2_80,12,,,멱살이 잡힌 건달은 팔을 뻗어 멘델스존의 멱살을 역으로 움켜쥐려 했다.,
scenejan2_80,13,,,"멘델스존은 간발의 차로 멱살을 잡히는 것은 피했지만, 주먹을 완전히 피하지는 못했다.",
scenejan2_80,14,,,얼굴에 멍이 드는 건 피했지만 그 주먹을 코에 맞아버리고 만 것이었다.,
scenejan2_80,15,,,멘델스존은 비틀거리며 몇 걸음을 뒤로 물러난다.,
scenejan2_80,16,mendelssohn,mendelssohn,뭐…2대 1로 붙어보실랍니까?,
scenejan2_80_choice,1,,,"아니, 이게 무슨 객기란 말인가! 평소에 이러는 사람도 아니면서!",
scenejan2_81,1,,me,2대 2예요.,
scenejan2_81,2,,,당신은 허리띠 아래 숨겨놓았던 총을 꺼내들어 그 장면을 가만 지켜보던 건달에게 겨눈다.,
scenejan2_81,3,,,당신의 손에 들린 총을 본 건달들과 멘델스존의 눈이 동시에 커다래진다.,
scenejan2_81,4,mendelssohn,mendelssohn,"숙녀 분, 그, 그거 정말 위험한 겁니다. 그거 내려놓으세요.",
scenejan2_81,5,,me,괜찮아요.,
scenejan2_81,6,,,당신은 흔들림 없이 안전장치를 풀고 조준한다.,
scenejan2_81,7,,me,셋 센다. 셋…,
scenejan2_81,8,,,당신이 ‘둘’ 이라고 말하기도 전에 건달 둘이 꽁지 빠져라 도망간다.,
scenejan2_81,9,mendelssohn,,멘델스존은 멍한 표정으로 당신을 바라본다.,
scenejan2_81,10,mendelssohn,mendelssohn,왜 총을…,
scenejan2_81,11,,me,"습관이에요, 습관. 다들 오밤중의 파리 돌아다닐 때는 이런 거 하나쯤 들고 다니잖아요.",
scenejan2_82,1,,me,"그, 그만해요. 크게 다칠지도 몰라요.",
scenejan2_82,2,mendelssohn,mendelssohn,"아닙니다, 숙녀분. 숙녀 분을 위해 싸울 수 있다는 것부터 영광인걸요.",
scenejan2_82,3,,,아직 코피가 터지지 않은 건달은 멘델스존에게 달려들지 눈치를 보고 있는 것 같았다.,
scenejan2_82,4,thug2,thug2,뭐해?! 빨리 같이 싸워!,
scenejan2_82,5,thug1,thug1,시끄러워!,
scenejan2_82,6,,,멘델스존은 건달들에게 더 이상의 틈을 주지 않고 아까 전 얼굴을 맞은 건달에게 다시 달려들어 오른쪽 얼굴을 한 차례 더 가격한다.,
scenejan2_82,7,,,그리고 그 충격으로 건달이 몇 발짝 뒷걸음질치자 방어 자세고 뭐고 취할 정신이 없던 그의 배를 세게 걷어찼다.,
scenejan2_82,8,,,"기세가 눌린, 아직 코피가 터지지 않은 건달은 슬그머니 어둠 속으로 사라진다. 배를 걷어차인 건달은 배를 감싸쥐고 동료의 뒤를 따랐다.",
scenejan2_82,9,mendelssohn,mendelssohn,괜찮아요?,
scenejan2_82,10,,,멘델스존이 왼손으로 코를 주무르며 당신을 돌아봤다. 애초 전면에 나서지도 않았으니 다칠 일도 없었다. 당신은 고개를 끄덕였다.,
scenejan2_82_1_choice,1,,,그에게 뭐라고 할까...,
scenejan2_821_1,1,mendelssohn,,멘델스존은 멋쩍게 웃는다.,
scenejan2_821_1,2,mendelssohn,mendelssohn,멋질 일은 아니었다고 생각하지만…감사합니다.,
scenejan2_822_1,1,mendelssohn,,당신의 말에 멘델스존은 고개를 끄덕인다.,
scenejan2_822_1,2,mendelssohn,mendelssohn,물론입니다. 원래 싸움을 즐겨 하는 성향은 아니니 걱정 않으셔도 됩니다.,
scenejan2_823_1,1,mendelssohn,,당신의 말에 민망한 듯 멘델스존은 뒷목을 긁적인다.,
scenejan2_823_1,2,mendelssohn,mendelssohn,죄송합니다. 많이 놀라셨겠어요.,
scenejan2_82_choice,1,,,그에게 뭐라고 할까...,
scenejan2_821,1,mendelssohn,,멘델스존은 멋쩍게 웃는다.,
scenejan2_821,2,mendelssohn,mendelssohn,멋질 일은 아니었다고 생각하지만…감사합니다.,
scenejan2_822,3,mendelssohn,,당신의 말에 멘델스존은 고개를 끄덕인다.,
scenejan2_822,4,mendelssohn,mendelssohn,물론입니다. 원래 싸움을 즐겨 하는 성향은 아니니 걱정 않으셔도 됩니다.,
scenejan2_823,5,mendelssohn,,당신의 말에 민망한 듯 멘델스존은 뒷목을 긁적인다.,
scenejan2_823,6,mendelssohn,mendelssohn,죄송합니다. 많이 놀라셨겠어요.,
scenejan2_83_choice,1,,,당신의 시선이 그의 오른쪽 손으로 향한다. 흰 장갑 한 쪽이 군데군데 피로 물들어 있었다.,
scenejan2_84_choice,1,,,당신의 시선이 그의 오른쪽 손으로 향한다. 흰 장갑 한 쪽이 군데군데 피로 물들어 있었다.,
scenejan2_85,1,mendelssohn,mendelssohn,괜찮아요. 그렇게 크게 다친 것 같지는 않습니다.,
scenejan2_85,2,mendelssohn,,멘델스존은 미소를 지으며 정중히 거절한다.,
scenejan2_85,3,,me,당신 피아니스트기도 하잖아요.,
scenejan2_85,4,mendelssohn,,멘델스존의 눈이 살짝 커진다.,
scenejan2_85,5,mendelssohn,mendelssohn,"저, 저를 알고 계시네요?",
scenejan2_85,6,,,…모르겠냐고.,
scenejan2_85,7,,me,피아니스트에게는 손이 생명인데 이렇게 다치셔서 어떡해요.,
scenejan2_85,8,mendelssohn,mendelssohn,다행히 연주일까지 시간이 아직 많이 남아 있어서요. 정말 괜찮습니다. 걱정은 감사해요.,
scenejan2_85,9,,,당신은 멘델스존의 항의를 무시하고 손수건을 꺼내서 멘델스존의 손에 동여매 준다.,
scenejan2_85,10,,,"보통 이러면 사교계의 큰 스캔들이 되겠지만, 아끼는 손수건이 아니라 어머니께서 백 장쯤 보내 주신 손수건이었으니 상관없을 것 같았다.",
scenejan2_85,11,mendelssohn,,멘델스존의 한쪽 눈썹이 살짝 올라갔다가 원래 자리로 돌아온다.,
scenejan2_85,12,mendelssohn,mendelssohn,감사합니다. 나중에 돌려드리겠습니다.,
scenejan2_86,1,,,"멘델스존은 크게 대수롭지 않게 가슴주머니에서 손수건을 꺼내 피를 닦고, 그 위로 또 늘 갖고다녔던 듯한 여분의 장갑을 바꾸어 낀다.",
scenejan2_87,1,mendelssohn,mendelssohn,괜찮아요. 그렇게 크게 다친 것 같지는 않습니다.,
scenejan2_87,2,mendelssohn,,멘델스존은 미소를 지으며 정중히 거절한다.,
scenejan2_87,3,,me,당신 피아니스트기도 하잖아요.,
scenejan2_87,4,mendelssohn,,멘델스존의 눈이 살짝 커진다.,
scenejan2_87,5,mendelssohn,mendelssohn,"저, 저를 알고 계시네요?",
scenejan2_87,6,,,…모르겠냐고.,
scenejan2_87,7,,me,피아니스트에게는 손이 생명인데 이렇게 다치셔서 어떡해요.,
scenejan2_87,8,mendelssohn,mendelssohn,다행히 연주일까지 시간이 아직 많이 남아 있어서요. 정말 괜찮습니다. 걱정은 감사해요.,
scenejan2_87,9,,,당신은 멘델스존의 항의를 무시하고 손수건을 꺼내서 멘델스존의 손에 동여매 준다.,
scenejan2_87,10,,,"보통 이러면 사교계의 큰 스캔들이 되겠지만, 아끼는 손수건이 아니라 어머니께서 백 장쯤 보내 주신 손수건이었으니 상관없을 것 같았다.",
scenejan2_87,11,mendelssohn,,멘델스존의 한쪽 눈썹이 살짝 올라갔다가 원래 자리로 돌아온다.,
scenejan2_87,12,mendelssohn,mendelssohn,감사합니다. 나중에 돌려드리겠습니다.,
scenejan2_88,1,,,"멘델스존은 크게 대수롭지 않게 가슴주머니에서 손수건을 꺼내 피를 닦고, 그 위로 또 늘 갖고다녔던 듯한 여분의 장갑을 바꾸어 낀다.",
scenejan2_89,1,mendelssohn,,멘델스존은 신사적인 미소를 지으며 당신을 바라본다.,
scenejan2_89,2,mendelssohn,mendelssohn,아까 같은 일이 일어나지 않기를 바랍니다. 부디 조심해서 들어가세요.,
scenejan2_89,3,,me,"네, 도와주셔서 감사합니다.",
scenejan2_89,4,,,멘델스존은 당신의 정체를 알아차리지 못한 것 같았다.,
scenejan2_89,5,,,"멘델스존이 마차를 타고 자리를 떠나자 당신은 안도의 한숨을 내쉬고, 조용히 새벽 네 시의 파리 거리를 걸어가 집에 도착하다.",
scenejan2_92,1,,,그러고서 그가 당신에게 손을 내민다.,
scenejan2_92,2,mendelssohn,mendelssohn,댁까지 바래다 드리겠습니다.,
scenejan2_92,3,,,시계를 보자 새벽 세 시 반이었다. 혼자 있다가는 아까같은 일을 또 겪을 수도 있겠다는 생각이 들어 당신은 고개를 끄덕이고 그의 제안을 승낙한다.,
scenejan2_92,4,,,집에 도착하자 새벽 네 시 종이 울렸다. 뎅그렁거리며 울리는 수많은 성당들의 종소리와 함께 하늘이 조금씩 검은색에서 파란색으로 변해 가기 시작했다. 멘델스존은 조심스럽게 당신이 내리는 것을 도왔다.,
scenejan2_92,5,,,당신은 그제서야 이상한 것을 깨닫는다. 당신 집 앞이었다.,
scenejan2_92,6,mendelssohn,mendelssohn,네 시네요.,
scenejan2_92,7,mendelssohn,,멘델스존이 차분하고 상냥한 목소리로 말했다. ‘네 시’ 의 의미를 모르는 바는 아니었다.,
scenejan2_92,8,,me,언제부터 알았어요?,
scenejan2_92,9,mendelssohn,mendelssohn,당신이 총을 꺼냈을 때요. 시마노프스카 부인 댁에 걸려 있던 장식용 총이길래 알아봤습니다.,
scenejan2_93,1,,,그러고서 그가 당신에게 손을 내민다.,
scenejan2_93,2,mendelssohn,mendelssohn,댁까지 바래다 드리겠습니다.,
scenejan2_93,3,,,시계를 보자 새벽 세 시 반이었다. 혼자 있다가는 아까같은 일을 또 겪을 수도 있겠다는 생각이 들어 당신은 고개를 끄덕이고 그의 제안을 승낙한다.,
scenejan2_93,4,,,집에 도착하자 새벽 네 시 종이 울렸다. 뎅그렁거리며 울리는 수많은 성당들의 종소리와 함께 하늘이 조금씩 검은색에서 파란색으로 변해 가기 시작했다. 멘델스존은 조심스럽게 당신이 내리는 것을 도왔다.,
scenejan2_93,5,,,당신은 그제서야 이상한 것을 깨닫는다. 당신 집 앞이었다.,
scenejan2_93,6,mendelssohn,mendelssohn,네 시네요.,
scenejan2_93,7,mendelssohn,,멘델스존이 차분하고 상냥한 목소리로 말했다. ‘네 시’ 의 의미를 모르는 바는 아니었다.,
scenejan2_93,8,,me,언제부터 알았어요?,
scenejan2_93,9,mendelssohn,mendelssohn,당신이 손수건을 꺼냈을 때요. 평소 들고 다니시는 손수건이랑 똑같이 생겼길래 알아봤습니다.,
scenejan2_94,1,,me,"아니, 그러면서 모르는 척을 했다고요?!",
scenejan2_94,2,mendelssohn,mendelssohn,가면무도회라는 건 원래 익명성이 보장되어야 즐거운 거니까요.,
scenejan2_95,1,mendelssohn,mendelssohn,"아, 서운해하지 말아 주세요, 베시에르 양! 변장은 정말 완벽했다니까요. 그것만 아니었으면 저도 정말로 못 알아봤을 거예요!",
scenejan2_95_choice,1,mendelssohn,,"멘델스존이 웃으며 친절하고 상냥하게, 하지만 분명하게 놀리듯이 당신에게 말한다.",
scenejan2_96,1,,,"당신의 말에 멘델스존이 일시정지한다. 당신은 뭐가 문제지, 하고 생각하다가 깨닫는다.",
scenejan2_96,2,,,멘델스존은 내년에 이 곳에 없을 확률이 아주 아주 높았다.,
scenejan2_96,3,,,"그야, 그는 파리에 계속 있을 사람이 아니니까…",
scenejan2_96,4,,me,"아, 음… 제 말은. 어… 앞으로도 가면무도회는 있고 그럴 테니까요.",
scenejan2_96,5,mendelssohn,,멘델스존은 눈웃음을 지으며 작게 웃었다.,
scenejan2_96,6,mendelssohn,mendelssohn,그렇죠. 음… 그래도 생각해 볼게요. 베시에르 양의 복수를 실현시켜드리기 위해서 제가 또 올지도 모르는 일이죠.,
scenejan2_96,7,,,말도 안 되는 소리였지만 빈말이라도 싫지 않았다.,
scenejan2_97,1,mendelssohn,mendelssohn,기대하고 있을게요. 기발한 방법으로 제가 놀랄 만큼 화려한 설욕을 부탁드려요.,
scenejan2_97,2,,me,당연하죠! 아주 두고 보시라고요.,
scenejan2_98,1,mendelssohn,,멘델스존은 과장되게 서운한 표정을 지었다. 버림받은 강아지처럼 불쌍한 척을 하는 얼굴에 순간 측은한 마음이 들 뻔했다.,
scenejan2_98,2,mendelssohn,mendelssohn,고마우시라고 한 건 아니었어요 뭐.,
scenejan2_98,3,,me,완전 서운한 표정 하고 있는데요.,
scenejan2_98,4,mendelssohn,mendelssohn,아뇨! 절대로 신사의 도리를 다했을 뿐입니다.,
scenejan2_98,5,,,당신은 푸핫 웃으며 그의 가슴팍을 살짝 밀친다,
scenejan2_98,6,,me,"아, 고마워요. 진짜로 고마웠어요. 농담 아니고요. 멘델스존 씨 아니었으면 큰일났을지도 몰라요.",
scenejan2_98,7,mendelssohn,mendelssohn,그러지는 않았을 거예요. 베시에르 양께서는 워낙 혼자서도 잘 하는 분이셔서…,
scenejan2_98,8,mendelssohn,,멘델스존은 멋쩍게 웃었다.,
scenejan2_99,1,,,당신은 웬만하면 꺼내지 않으려고 했던 총을 꺼내 혼자 상황을 수습하기로 한다.,
scenejan2_99,2,,me,내가 웬만하면 그냥 넘어가 주려 그랬는데 기분이 더러워서 안 되겠어.,
scenejan2_99,3,,,총을 보자 건달들은 혼비백산해서 달아난다.,
scenejan2_99,4,,,"당신은 한주먹거리도 안 되는 것들이 나댄다고 생각하며 총을 집어넣고, 집으로 향한다.",
scenefeb_logo,1,,,"리스트는 당신의 정체를 알고, 당신은 출입 제한을 당한다",
scenefeb_lxgo,1,,,"리스트는 당신의 정체를 모르고, 당신은 출입 제한을 당한다",
scenefeb_lxgx,1,,,"리스트는 당신의 정체를 모르고, 당신은 출입 제한을 당하지 않는다",
,,,,,
,,,,,
,,,,,
scenejan2_200,1,,narrator,당신은 팔레 루아얄에 가지 않기로 결정한다.,
scenejan2_200,2,,narrator,조사를 좀 해 보니 팔레 루아얄은 당신이 생각한 것보다 좀 더… 위험한 곳이었다.,
scenejan2_200,3,,narrator,"낮에는 그 유명한 베리 레스토랑이 있어서 명망 있는 사람들도 드나들지만, 밤이 되면 도박판이 열리고, 매춘부들이 득시글거리는 매음굴이었다.",
scenejan2_200,4,,narrator,아무리 생각해도 그건 좀 아니었다.,
scenejan2_200,5,,narrator,그렇다고 이런 좋은 날에 가만히 집에만 있기도 아쉽고...,
scenejan2_200,6,,narrator,당신은 팔짱을 끼고 생각에 잠긴다.,
scenejan2_200,7,,narrator,그때 집배원이 편지 한 무더기를 쏟아놓고 간다.,
scenejan2_200,8,,narrator,시답잖은 안부나 초대 편지를 하나하나 심드렁한 표정으로 살펴보던 당신의 손이 초대장 하나에서 멈춘다.,
scenejan2_200,9,,narrator,길쭉하고 단정한 필체의 편지는 당신에게 무도회에 참석하지 않겠냐고 묻고 있었다.,
scenejan2_200,10,,narrator,장소는 부이몽 호텔. 카니발이라서 샤프롱 없이 갈 수 있다는 아주 매력적인 옵션.,
scenejan2_200,11,,narrator,"게다가, 이 편지를 보낸 사람, 그러니까 펠릭스 멘델스존이라면… 시마노프스카도 인정할 정도로 ‘엄한 짓’ 은 안 할 남자 아니던가?",
scenejan2_200_choice,1,,narrator,"물론 또 생각해 보면, 부이몽 호텔에서 열리는 무도회는 당신이 원하는 카니발의 그 짜릿하고 은밀한 분위기랑은 아주 거리가 멀고 고상하기만 할 것 같다는 단점도 있었다.",
scenejan2_300,1,,narrator,시마노프스카는 끝까지 ‘남자랑 단 둘이서 간다고?’ 라면서 걱정과 의혹의 눈길을 거두지 않았다.,
scenejan2_300,2,,narrator,"하지만 멘델스존의 거듭된 ‘부이몽 호텔의 보안은 엄격하고, 가면무도회라고는 하지만 실상 다 서로가 서로를 알고 있는 사이다, 그러니 혹시라도 자기가 허튼짓을 하면 즉각 자신이 사교계에서 매장될 것이다,",
scenejan2_300,3,,narrator,"그리고 베시에르 양 같은 성격의 (당신은 당신 성격이 어떻다고, 라고 생각했다) 숙녀는 가끔 좀 풀어줘야 크게 엇나가지 않는다’ 라는 설득에 못마땅해 하면서 허락을 해 줬다.",
scenejan2_300,4,,narrator,여하튼 설득에는 재능이 있는 남자였다. 참 수완이 좋아.,
scenejan2_300,5,,narrator,당신은 뭔 신분이 숨겨지지도 않을 것 같은 가면과 무난하게 신기한 패턴의 드레스를 구입한다.,
scenejan2_300,6,,narrator,"1월 25일이 되었고, 당신은 멘델스존의 에스코트를 받아 호텔 로비로 입장한다.",
scenejan2_300,7,,narrator,확실히 나잇대가 높았다. 적어도 서른은 넘긴 것 같은 귀족들이 바글바글했다.,
scenejan2_300,8,,narrator,"이대로 가다가는 가발 쓴 할아버지도 나오겠다, 싶을 때 정말로 가발을 쓰고 18세기 분장을 한 사람 몇 명이 당신 곁을 스쳐지나갔다.",
scenejan2_300,9,,narrator,첫 춤은 무려 미뉴에트로 시작했다.,
scenejan2_300,10,,narrator,"미뉴에트라니, 대체 요즘 세상에 누가 미뉴에트로 무도회를 시작한단 말인가?!",
scenejan2_300,11,,narrator,춤을 추는 내내 당신은 이마를 짚고 싶은 심정이었다.,
scenejan2_300,12,,narrator,춤과 춤 사이에는 길고 긴 사교 대화가 기다리고 있었다.,
scenejan2_300,13,,narrator,"어떤 스파가 무슨 치료에 좋다더라, 나도 가봐야겠다, 요즘 건강은 괜찮냐, 주치의가 어쩌고 저쩌고, 자식들 교육은 어떻게 하고 있는지, 심지어는 손주자랑까지…",
scenejan2_300,14,,narrator,듣는 것만으로 늙는 것 같은 이야기들을 듣고 있으니 여긴 새삼 당신의 세계가 아니라는 생각이 들었다.,
scenejan2_300_choice,1,,narrator,당연히 이 모임의 ‘젊은이’ 들로서 당신과 멘델스존에게는 많은 질문과 대화거리가 쏟아졌다. 당신은…,
scenejan2_400,1,,narrator,무도회가 중반쯤 진행됐을 때 쯤부터는 멘델스존의 얼굴에도 짜증을 참고 있는 기색이 역력해졌다. 본인도 안 즐길 거면서 무도회에 같이 가자는 소리는 왜 한 걸까. 어쩌면 처음부터 시마노프스카가 당신을 팔레 루아얄에 가지 못하게 하려는 계획 아니었을까… 하는 생각까지 들었다.,
scenejan2_400,2,,me,날이 서 있으시네요.,
scenejan2_400,3,,narrator,멘델스존은 고개를 앞으로 숙였다가 친절한 미소를 지으며 답한다.,
scenejan2_400,4,mendelssohn,mendelssohn,그래 보였나요? 티가 났다니 죄송합니다.,
scenejan2_400,5,,narrator,당신은 멘델스존도 당신과 같은 생각인지 슬쩍 떠 본다.,
scenejan2_400,6,,me,여기 사람들이 다 너무 재미없어서 그래요?,
scenejan2_400,7,mendelssohn,mendelssohn,"아뇨, 아뇨. 아니, 약간은 그런 구석도 있긴 한데 그게 주 원인은 아니고요, 그냥…",
scenejan2_400,8,,narrator,멘델스존이 길게 한숨을 내쉰다.,
scenejan2_400,9,mendelssohn,mendelssohn,...제가 오늘 점심밥을 좀 일찍 먹었더니 슬슬 배가 좀 고프네요.,
scenejan2_400,10,,narrator,시계를 보니 열한 시가 넘어가고 있었다. 정찬이 시작되기 전 간식이 준비되어야 할 시각이었다.,
scenejan2_skip,1,,,당신은 카니발 날에 뭔가 재밌는 걸 즐길 생각은 그냥 포기하고 집에서 쉬기로 했다.,
scenefeb_ending,1,,,호감도체크하라고만들어둠,
ending,1,,,일반 엔딩,
liszt_ending,1,,,리스트 엔딩,
mendelssohn_ending,1,,,멘델스존 엔딩,